10000 9999
0 1 14
0 9999 81
9999 9998 98
9999 9997 71
9997 9996 43
9997 9995 96
9995 9994 62
9995 9993 7
9993 9992 43
9993 9991 73
9991 9990 63
9991 9989 75
9989 9988 21
9989 9987 74
9987 9986 75
9987 9985 78
9985 9984 26
9985 9983 51
9983 9982 45
9983 9981 25
9981 9980 33
9981 9979 31
9979 9978 76
9979 9977 27
9977 9976 73
9977 9975 81
9975 9974 70
9975 9973 25
9973 9972 18
9973 9971 30
9971 9970 97
9971 9969 68
9969 9968 88
9969 9967 94
9967 9966 15
9967 9965 70
9965 9964 8
9965 9963 33
9963 9962 15
9963 9961 56
9961 9960 52
9961 9959 78
9959 9958 1
9959 9957 31
9957 9956 42
9957 9955 54
9955 9954 8
9955 9953 77
9953 9952 50
9953 9951 31
9951 9950 67
9951 9949 80
9949 9948 71
9949 9947 63
9947 9946 2
9947 9945 62
9945 9944 87
9945 9943 65
9943 9942 100
9943 9941 79
9941 9940 59
9941 9939 16
9939 9938 76
9939 9937 1
9937 9936 78
9937 9935 71
9935 9934 8
9935 9933 49
9933 9932 23
9933 9931 98
9931 9930 7
9931 9929 97
9929 9928 28
9929 9927 81
9927 9926 84
9927 9925 3
9925 9924 97
9925 9923 97
9923 9922 30
9923 9921 1
9921 9920 76
9921 9919 5
9919 9918 57
9919 9917 81
9917 9916 45
9917 9915 72
9915 9914 3
9915 9913 43
9913 9912 21
9913 9911 81
9911 9910 5
9911 9909 13
9909 9908 63
9909 9907 75
9907 9906 32
9907 9905 34
9905 9904 60
9905 9903 23
9903 9902 92
9903 9901 12
9901 9900 66
9901 9899 79
9899 9898 1
9899 9897 97
9897 9896 93
9897 9895 95
9895 9894 45
9895 9893 100
9893 9892 66
9893 9891 88
9891 9890 51
9891 9889 88
9889 9888 70
9889 9887 58
9887 9886 85
9887 9885 2
9885 9884 69
9885 9883 63
9883 9882 50
9883 9881 41
9881 9880 19
9881 9879 86
9879 9878 57
9879 9877 18
9877 9876 55
9877 9875 84
9875 9874 95
9875 9873 83
9873 9872 23
9873 9871 12
9871 9870 7
9871 9869 5
9869 9868 17
9869 9867 35
9867 9866 79
9867 9865 34
9865 9864 43
9865 9863 13
9863 9862 57
9863 9861 95
9861 9860 4
9861 9859 42
9859 9858 36
9859 9857 66
9857 9856 27
9857 9855 63
9855 9854 80
9855 9853 91
9853 9852 6
9853 9851 17
9851 9850 52
9851 9849 74
9849 9848 50
9849 9847 57
9847 9846 83
9847 9845 10
9845 9844 17
9845 9843 60
9843 9842 52
9843 9841 25
9841 9840 55
9841 9839 49
9839 9838 79
9839 9837 47
9837 9836 51
9837 9835 41
9835 9834 94
9835 9833 65
9833 9832 69
9833 9831 41
9831 9830 51
9831 9829 93
9829 9828 1
9829 9827 61
9827 9826 25
9827 9825 90
9825 9824 91
9825 9823 56
9823 9822 28
9823 9821 7
9821 9820 44
9821 9819 40
9819 9818 66
9819 9817 22
9817 9816 59
9817 9815 53
9815 9814 25
9815 9813 27
9813 9812 88
9813 9811 80
9811 9810 46
9811 9809 2
9809 9808 63
9809 9807 38
9807 9806 72
9807 9805 21
9805 9804 19
9805 9803 75
9803 9802 15
9803 9801 1
9801 9800 78
9801 9799 94
9799 9798 8
9799 9797 86
9797 9796 36
9797 9795 21
9795 9794 19
9795 9793 15
9793 9792 52
9793 9791 69
9791 9790 99
9791 9789 52
9789 9788 88
9789 9787 16
9787 9786 70
9787 9785 23
9785 9784 72
9785 9783 43
9783 9782 91
9783 9781 89
9781 9780 18
9781 9779 45
9779 9778 28
9779 9777 61
9777 9776 66
9777 9775 81
9775 9774 80
9775 9773 86
9773 9772 7
9773 9771 30
9771 9770 2
9771 9769 63
9769 9768 36
9769 9767 75
9767 9766 33
9767 9765 73
9765 9764 69
9765 9763 44
9763 9762 85
9763 9761 12
9761 9760 41
9761 9759 47
9759 9758 57
9759 9757 62
9757 9756 31
9757 9755 10
9755 9754 36
9755 9753 69
9753 9752 36
9753 9751 59
9751 9750 16
9751 9749 42
9749 9748 56
9749 9747 49
9747 9746 85
9747 9745 14
9745 9744 46
9745 9743 38
9743 9742 55
9743 9741 58
9741 9740 64
9741 9739 30
9739 9738 50
9739 9737 91
9737 9736 90
9737 9735 71
9735 9734 11
9735 9733 73
9733 9732 86
9733 9731 62
9731 9730 69
9731 9729 83
9729 9728 54
9729 9727 53
9727 9726 14
9727 9725 36
9725 9724 20
9725 9723 63
9723 9722 9
9723 9721 98
9721 9720 82
9721 9719 59
9719 9718 19
9719 9717 98
9717 9716 72
9717 9715 82
9715 9714 25
9715 9713 51
9713 9712 36
9713 9711 71
9711 9710 14
9711 9709 79
9709 9708 71
9709 9707 53
9707 9706 81
9707 9705 12
9705 9704 61
9705 9703 54
9703 9702 31
9703 9701 33
9701 9700 47
9701 9699 89
9699 9698 51
9699 9697 4
9697 9696 13
9697 9695 8
9695 9694 55
9695 9693 60
9693 9692 20
9693 9691 93
9691 9690 59
9691 9689 54
9689 9688 17
9689 9687 100
9687 9686 66
9687 9685 3
9685 9684 61
9685 9683 33
9683 9682 81
9683 9681 99
9681 9680 65
9681 9679 23
9679 9678 83
9679 9677 67
9677 9676 35
9677 9675 72
9675 9674 52
9675 9673 70
9673 9672 77
9673 9671 69
9671 9670 87
9671 9669 92
9669 9668 82
9669 9667 96
9667 9666 10
9667 9665 78
9665 9664 10
9665 9663 6
9663 9662 68
9663 9661 18
9661 9660 20
9661 9659 28
9659 9658 66
9659 9657 44
9657 9656 52
9657 9655 42
9655 9654 21
9655 9653 45
9653 9652 81
9653 9651 67
9651 9650 33
9651 9649 42
9649 9648 18
9649 9647 6
9647 9646 55
9647 9645 60
9645 9644 49
9645 9643 52
9643 9642 80
9643 9641 22
9641 9640 4
9641 9639 65
9639 9638 79
9639 9637 61
9637 9636 59
9637 9635 32
9635 9634 20
9635 9633 44
9633 9632 10
9633 9631 73
9631 9630 93
9631 9629 57
9629 9628 66
9629 9627 17
9627 9626 51
9627 9625 94
9625 9624 47
9625 9623 47
9623 9622 18
9623 9621 5
9621 9620 89
9621 9619 37
9619 9618 9
9619 9617 73
9617 9616 52
9617 9615 70
9615 9614 25
9615 9613 46
9613 9612 94
9613 9611 65
9611 9610 17
9611 9609 32
9609 9608 59
9609 9607 8
9607 9606 4
9607 9605 23
9605 9604 41
9605 9603 33
9603 9602 32
9603 9601 73
9601 9600 67
9601 9599 30
9599 9598 87
9599 9597 60
9597 9596 9
9597 9595 1
9595 9594 96
9595 9593 23
9593 9592 47
9593 9591 75
9591 9590 17
9591 9589 45
9589 9588 71
9589 9587 88
9587 9586 94
9587 9585 90
9585 9584 43
9585 9583 23
9583 9582 41
9583 9581 61
9581 9580 58
9581 9579 41
9579 9578 62
9579 9577 40
9577 9576 78
9577 9575 77
9575 9574 63
9575 9573 76
9573 9572 29
9573 9571 68
9571 9570 82
9571 9569 39
9569 9568 57
9569 9567 78
9567 9566 82
9567 9565 69
9565 9564 16
9565 9563 82
9563 9562 56
9563 9561 51
9561 9560 17
9561 9559 85
9559 9558 65
9559 9557 78
9557 9556 58
9557 9555 53
9555 9554 97
9555 9553 73
9553 9552 54
9553 9551 62
9551 9550 13
9551 9549 85
9549 9548 16
9549 9547 93
9547 9546 69
9547 9545 63
9545 9544 11
9545 9543 3
9543 9542 74
9543 9541 73
9541 9540 73
9541 9539 36
9539 9538 73
9539 9537 7
9537 9536 81
9537 9535 45
9535 9534 29
9535 9533 32
9533 9532 87
9533 9531 68
9531 9530 63
9531 9529 69
9529 9528 67
9529 9527 71
9527 9526 21
9527 9525 55
9525 9524 64
9525 9523 61
9523 9522 59
9523 9521 47
9521 9520 28
9521 9519 49
9519 9518 44
9519 9517 40
9517 9516 14
9517 9515 2
9515 9514 15
9515 9513 30
9513 9512 42
9513 9511 81
9511 9510 80
9511 9509 48
9509 9508 34
9509 9507 51
9507 9506 75
9507 9505 14
9505 9504 2
9505 9503 22
9503 9502 91
9503 9501 31
9501 9500 4
9501 9499 76
9499 9498 99
9499 9497 4
9497 9496 24
9497 9495 73
9495 9494 15
9495 9493 80
9493 9492 14
9493 9491 61
9491 9490 21
9491 9489 42
9489 9488 32
9489 9487 44
9487 9486 91
9487 9485 85
9485 9484 8
9485 9483 36
9483 9482 25
9483 9481 59
9481 9480 22
9481 9479 10
9479 9478 60
9479 9477 75
9477 9476 35
9477 9475 73
9475 9474 72
9475 9473 80
9473 9472 54
9473 9471 56
9471 9470 59
9471 9469 63
9469 9468 66
9469 9467 7
9467 9466 23
9467 9465 81
9465 9464 39
9465 9463 29
9463 9462 75
9463 9461 11
9461 9460 30
9461 9459 66
9459 9458 13
9459 9457 18
9457 9456 84
9457 9455 92
9455 9454 10
9455 9453 3
9453 9452 5
9453 9451 21
9451 9450 23
9451 9449 85
9449 9448 25
9449 9447 26
9447 9446 13
9447 9445 99
9445 9444 12
9445 9443 76
9443 9442 39
9443 9441 12
9441 9440 8
9441 9439 94
9439 9438 51
9439 9437 25
9437 9436 13
9437 9435 43
9435 9434 75
9435 9433 46
9433 9432 59
9433 9431 79
9431 9430 52
9431 9429 87
9429 9428 79
9429 9427 89
9427 9426 86
9427 9425 57
9425 9424 33
9425 9423 88
9423 9422 62
9423 9421 90
9421 9420 68
9421 9419 14
9419 9418 44
9419 9417 2
9417 9416 95
9417 9415 86
9415 9414 71
9415 9413 29
9413 9412 91
9413 9411 28
9411 9410 33
9411 9409 40
9409 9408 63
9409 9407 27
9407 9406 8
9407 9405 76
9405 9404 31
9405 9403 88
9403 9402 33
9403 9401 76
9401 9400 39
9401 9399 18
9399 9398 36
9399 9397 76
9397 9396 55
9397 9395 59
9395 9394 70
9395 9393 82
9393 9392 76
9393 9391 65
9391 9390 97
9391 9389 11
9389 9388 68
9389 9387 48
9387 9386 99
9387 9385 11
9385 9384 99
9385 9383 3
9383 9382 32
9383 9381 54
9381 9380 68
9381 9379 27
9379 9378 56
9379 9377 68
9377 9376 3
9377 9375 45
9375 9374 60
9375 9373 9
9373 9372 94
9373 9371 11
9371 9370 56
9371 9369 78
9369 9368 35
9369 9367 36
9367 9366 95
9367 9365 85
9365 9364 47
9365 9363 45
9363 9362 46
9363 9361 96
9361 9360 21
9361 9359 8
9359 9358 99
9359 9357 71
9357 9356 35
9357 9355 15
9355 9354 54
9355 9353 2
9353 9352 67
9353 9351 74
9351 9350 11
9351 9349 91
9349 9348 70
9349 9347 29
9347 9346 37
9347 9345 56
9345 9344 98
9345 9343 13
9343 9342 34
9343 9341 85
9341 9340 4
9341 9339 21
9339 9338 91
9339 9337 12
9337 9336 40
9337 9335 33
9335 9334 8
9335 9333 68
9333 9332 1
9333 9331 41
9331 9330 80
9331 9329 91
9329 9328 19
9329 9327 20
9327 9326 38
9327 9325 92
9325 9324 81
9325 9323 97
9323 9322 17
9323 9321 14
9321 9320 62
9321 9319 72
9319 9318 59
9319 9317 100
9317 9316 46
9317 9315 36
9315 9314 44
9315 9313 97
9313 9312 72
9313 9311 36
9311 9310 52
9311 9309 67
9309 9308 73
9309 9307 100
9307 9306 94
9307 9305 21
9305 9304 87
9305 9303 68
9303 9302 49
9303 9301 48
9301 9300 52
9301 9299 53
9299 9298 87
9299 9297 65
9297 9296 53
9297 9295 7
9295 9294 34
9295 9293 37
9293 9292 40
9293 9291 47
9291 9290 32
9291 9289 22
9289 9288 37
9289 9287 99
9287 9286 79
9287 9285 20
9285 9284 86
9285 9283 39
9283 9282 75
9283 9281 46
9281 9280 83
9281 9279 6
9279 9278 7
9279 9277 36
9277 9276 90
9277 9275 96
9275 9274 15
9275 9273 47
9273 9272 10
9273 9271 71
9271 9270 74
9271 9269 9
9269 9268 82
9269 9267 42
9267 9266 62
9267 9265 29
9265 9264 26
9265 9263 56
9263 9262 13
9263 9261 5
9261 9260 93
9261 9259 98
9259 9258 56
9259 9257 94
9257 9256 89
9257 9255 55
9255 9254 31
9255 9253 42
9253 9252 91
9253 9251 7
9251 9250 78
9251 9249 44
9249 9248 38
9249 9247 22
9247 9246 32
9247 9245 77
9245 9244 33
9245 9243 22
9243 9242 46
9243 9241 54
9241 9240 28
9241 9239 34
9239 9238 30
9239 9237 93
9237 9236 60
9237 9235 13
9235 9234 33
9235 9233 99
9233 9232 1
9233 9231 2
9231 9230 35
9231 9229 4
9229 9228 73
9229 9227 70
9227 9226 24
9227 9225 87
9225 9224 6
9225 9223 53
9223 9222 29
9223 9221 65
9221 9220 48
9221 9219 76
9219 9218 51
9219 9217 49
9217 9216 9
9217 9215 47
9215 9214 35
9215 9213 85
9213 9212 21
9213 9211 7
9211 9210 93
9211 9209 21
9209 9208 72
9209 9207 23
9207 9206 87
9207 9205 4
9205 9204 76
9205 9203 39
9203 9202 53
9203 9201 97
9201 9200 8
9201 9199 21
9199 9198 30
9199 9197 88
9197 9196 80
9197 9195 53
9195 9194 37
9195 9193 89
9193 9192 30
9193 9191 89
9191 9190 67
9191 9189 52
9189 9188 61
9189 9187 19
9187 9186 78
9187 9185 23
9185 9184 58
9185 9183 28
9183 9182 28
9183 9181 17
9181 9180 58
9181 9179 45
9179 9178 75
9179 9177 5
9177 9176 65
9177 9175 10
9175 9174 58
9175 9173 52
9173 9172 41
9173 9171 85
9171 9170 6
9171 9169 14
9169 9168 64
9169 9167 40
9167 9166 13
9167 9165 64
9165 9164 25
9165 9163 57
9163 9162 96
9163 9161 71
9161 9160 61
9161 9159 91
9159 9158 3
9159 9157 14
9157 9156 44
9157 9155 23
9155 9154 61
9155 9153 26
9153 9152 41
9153 9151 15
9151 9150 88
9151 9149 30
9149 9148 81
9149 9147 88
9147 9146 75
9147 9145 28
9145 9144 27
9145 9143 50
9143 9142 99
9143 9141 44
9141 9140 9
9141 9139 60
9139 9138 19
9139 9137 6
9137 9136 14
9137 9135 88
9135 9134 64
9135 9133 91
9133 9132 2
9133 9131 56
9131 9130 45
9131 9129 81
9129 9128 17
9129 9127 16
9127 9126 21
9127 9125 82
9125 9124 13
9125 9123 70
9123 9122 24
9123 9121 49
9121 9120 48
9121 9119 5
9119 9118 87
9119 9117 68
9117 9116 11
9117 9115 33
9115 9114 53
9115 9113 7
9113 9112 23
9113 9111 69
9111 9110 80
9111 9109 32
9109 9108 77
9109 9107 65
9107 9106 80
9107 9105 15
9105 9104 50
9105 9103 43
9103 9102 93
9103 9101 36
9101 9100 31
9101 9099 34
9099 9098 16
9099 9097 24
9097 9096 98
9097 9095 49
9095 9094 89
9095 9093 83
9093 9092 55
9093 9091 36
9091 9090 26
9091 9089 18
9089 9088 50
9089 9087 79
9087 9086 84
9087 9085 85
9085 9084 26
9085 9083 41
9083 9082 39
9083 9081 70
9081 9080 30
9081 9079 19
9079 9078 46
9079 9077 79
9077 9076 27
9077 9075 33
9075 9074 10
9075 9073 8
9073 9072 71
9073 9071 77
9071 9070 36
9071 9069 50
9069 9068 7
9069 9067 1
9067 9066 25
9067 9065 57
9065 9064 55
9065 9063 88
9063 9062 3
9063 9061 60
9061 9060 23
9061 9059 11
9059 9058 61
9059 9057 66
9057 9056 59
9057 9055 62
9055 9054 62
9055 9053 54
9053 9052 94
9053 9051 86
9051 9050 72
9051 9049 31
9049 9048 77
9049 9047 11
9047 9046 17
9047 9045 35
9045 9044 86
9045 9043 1
9043 9042 26
9043 9041 68
9041 9040 68
9041 9039 91
9039 9038 83
9039 9037 65
9037 9036 93
9037 9035 86
9035 9034 66
9035 9033 65
9033 9032 19
9033 9031 88
9031 9030 33
9031 9029 7
9029 9028 87
9029 9027 27
9027 9026 57
9027 9025 54
9025 9024 73
9025 9023 59
9023 9022 92
9023 9021 55
9021 9020 53
9021 9019 88
9019 9018 88
9019 9017 30
9017 9016 81
9017 9015 67
9015 9014 36
9015 9013 75
9013 9012 88
9013 9011 26
9011 9010 89
9011 9009 15
9009 9008 64
9009 9007 39
9007 9006 14
9007 9005 3
9005 9004 60
9005 9003 2
9003 9002 100
9003 9001 33
9001 9000 36
9001 8999 44
8999 8998 90
8999 8997 1
8997 8996 12
8997 8995 82
8995 8994 20
8995 8993 22
8993 8992 63
8993 8991 94
8991 8990 77
8991 8989 98
8989 8988 54
8989 8987 76
8987 8986 45
8987 8985 69
8985 8984 52
8985 8983 79
8983 8982 85
8983 8981 6
8981 8980 34
8981 8979 57
8979 8978 96
8979 8977 3
8977 8976 54
8977 8975 45
8975 8974 15
8975 8973 91
8973 8972 14
8973 8971 17
8971 8970 40
8971 8969 71
8969 8968 13
8969 8967 60
8967 8966 13
8967 8965 84
8965 8964 93
8965 8963 68
8963 8962 82
8963 8961 77
8961 8960 69
8961 8959 70
8959 8958 56
8959 8957 84
8957 8956 92
8957 8955 51
8955 8954 26
8955 8953 88
8953 8952 77
8953 8951 90
8951 8950 76
8951 8949 37
8949 8948 78
8949 8947 19
8947 8946 29
8947 8945 28
8945 8944 84
8945 8943 11
8943 8942 1
8943 8941 76
8941 8940 23
8941 8939 65
8939 8938 95
8939 8937 13
8937 8936 30
8937 8935 17
8935 8934 30
8935 8933 14
8933 8932 34
8933 8931 15
8931 8930 5
8931 8929 70
8929 8928 21
8929 8927 37
8927 8926 44
8927 8925 53
8925 8924 34
8925 8923 91
8923 8922 99
8923 8921 29
8921 8920 67
8921 8919 38
8919 8918 95
8919 8917 72
8917 8916 19
8917 8915 10
8915 8914 75
8915 8913 32
8913 8912 15
8913 8911 84
8911 8910 100
8911 8909 26
8909 8908 85
8909 8907 11
8907 8906 13
8907 8905 84
8905 8904 98
8905 8903 32
8903 8902 62
8903 8901 19
8901 8900 77
8901 8899 42
8899 8898 93
8899 8897 44
8897 8896 91
8897 8895 28
8895 8894 12
8895 8893 52
8893 8892 56
8893 8891 4
8891 8890 86
8891 8889 20
8889 8888 58
8889 8887 94
8887 8886 15
8887 8885 60
8885 8884 19
8885 8883 36
8883 8882 40
8883 8881 42
8881 8880 36
8881 8879 64
8879 8878 90
8879 8877 30
8877 8876 29
8877 8875 8
8875 8874 20
8875 8873 34
8873 8872 56
8873 8871 86
8871 8870 70
8871 8869 47
8869 8868 50
8869 8867 54
8867 8866 49
8867 8865 89
8865 8864 96
8865 8863 69
8863 8862 50
8863 8861 87
8861 8860 64
8861 8859 39
8859 8858 82
8859 8857 72
8857 8856 3
8857 8855 43
8855 8854 21
8855 8853 36
8853 8852 83
8853 8851 86
8851 8850 77
8851 8849 21
8849 8848 99
8849 8847 9
8847 8846 95
8847 8845 49
8845 8844 68
8845 8843 36
8843 8842 53
8843 8841 70
8841 8840 98
8841 8839 64
8839 8838 8
8839 8837 11
8837 8836 4
8837 8835 35
8835 8834 11
8835 8833 93
8833 8832 26
8833 8831 58
8831 8830 27
8831 8829 2
8829 8828 25
8829 8827 13
8827 8826 3
8827 8825 67
8825 8824 83
8825 8823 30
8823 8822 72
8823 8821 62
8821 8820 41
8821 8819 41
8819 8818 44
8819 8817 1
8817 8816 88
8817 8815 70
8815 8814 65
8815 8813 77
8813 8812 34
8813 8811 89
8811 8810 97
8811 8809 39
8809 8808 16
8809 8807 100
8807 8806 51
8807 8805 3
8805 8804 88
8805 8803 46
8803 8802 90
8803 8801 27
8801 8800 29
8801 8799 23
8799 8798 49
8799 8797 68
8797 8796 79
8797 8795 32
8795 8794 59
8795 8793 80
8793 8792 23
8793 8791 42
8791 8790 45
8791 8789 1
8789 8788 60
8789 8787 50
8787 8786 100
8787 8785 64
8785 8784 71
8785 8783 95
8783 8782 72
8783 8781 57
8781 8780 54
8781 8779 24
8779 8778 56
8779 8777 80
8777 8776 56
8777 8775 17
8775 8774 27
8775 8773 55
8773 8772 64
8773 8771 66
8771 8770 78
8771 8769 86
8769 8768 6
8769 8767 3
8767 8766 62
8767 8765 3
8765 8764 59
8765 8763 56
8763 8762 45
8763 8761 40
8761 8760 8
8761 8759 36
8759 8758 73
8759 8757 25
8757 8756 46
8757 8755 54
8755 8754 40
8755 8753 5
8753 8752 26
8753 8751 30
8751 8750 70
8751 8749 92
8749 8748 66
8749 8747 46
8747 8746 57
8747 8745 80
8745 8744 30
8745 8743 10
8743 8742 37
8743 8741 40
8741 8740 9
8741 8739 89
8739 8738 66
8739 8737 5
8737 8736 52
8737 8735 62
8735 8734 75
8735 8733 47
8733 8732 2
8733 8731 62
8731 8730 88
8731 8729 99
8729 8728 4
8729 8727 8
8727 8726 88
8727 8725 80
8725 8724 40
8725 8723 18
8723 8722 12
8723 8721 76
8721 8720 83
8721 8719 55
8719 8718 15
8719 8717 86
8717 8716 75
8717 8715 75
8715 8714 71
8715 8713 15
8713 8712 89
8713 8711 74
8711 8710 34
8711 8709 74
8709 8708 94
8709 8707 7
8707 8706 48
8707 8705 98
8705 8704 12
8705 8703 24
8703 8702 29
8703 8701 59
8701 8700 34
8701 8699 99
8699 8698 76
8699 8697 63
8697 8696 66
8697 8695 20
8695 8694 84
8695 8693 82
8693 8692 80
8693 8691 31
8691 8690 69
8691 8689 51
8689 8688 41
8689 8687 4
8687 8686 49
8687 8685 61
8685 8684 77
8685 8683 13
8683 8682 37
8683 8681 10
8681 8680 11
8681 8679 85
8679 8678 64
8679 8677 24
8677 8676 71
8677 8675 2
8675 8674 80
8675 8673 93
8673 8672 36
8673 8671 15
8671 8670 4
8671 8669 9
8669 8668 87
8669 8667 77
8667 8666 39
8667 8665 73
8665 8664 78
8665 8663 77
8663 8662 45
8663 8661 13
8661 8660 73
8661 8659 70
8659 8658 31
8659 8657 17
8657 8656 2
8657 8655 76
8655 8654 23
8655 8653 28
8653 8652 50
8653 8651 93
8651 8650 89
8651 8649 17
8649 8648 12
8649 8647 44
8647 8646 46
8647 8645 65
8645 8644 46
8645 8643 54
8643 8642 25
8643 8641 57
8641 8640 8
8641 8639 13
8639 8638 11
8639 8637 2
8637 8636 19
8637 8635 32
8635 8634 85
8635 8633 40
8633 8632 13
8633 8631 95
8631 8630 98
8631 8629 64
8629 8628 13
8629 8627 100
8627 8626 17
8627 8625 66
8625 8624 74
8625 8623 55
8623 8622 37
8623 8621 70
8621 8620 56
8621 8619 72
8619 8618 27
8619 8617 92
8617 8616 51
8617 8615 100
8615 8614 7
8615 8613 36
8613 8612 63
8613 8611 53
8611 8610 73
8611 8609 9
8609 8608 65
8609 8607 60
8607 8606 6
8607 8605 22
8605 8604 93
8605 8603 25
8603 8602 19
8603 8601 40
8601 8600 23
8601 8599 12
8599 8598 18
8599 8597 79
8597 8596 41
8597 8595 66
8595 8594 7
8595 8593 72
8593 8592 65
8593 8591 47
8591 8590 65
8591 8589 42
8589 8588 81
8589 8587 2
8587 8586 42
8587 8585 36
8585 8584 74
8585 8583 23
8583 8582 79
8583 8581 99
8581 8580 68
8581 8579 14
8579 8578 87
8579 8577 28
8577 8576 45
8577 8575 57
8575 8574 78
8575 8573 11
8573 8572 44
8573 8571 9
8571 8570 50
8571 8569 52
8569 8568 84
8569 8567 100
8567 8566 67
8567 8565 80
8565 8564 59
8565 8563 81
8563 8562 62
8563 8561 94
8561 8560 12
8561 8559 100
8559 8558 23
8559 8557 67
8557 8556 69
8557 8555 33
8555 8554 41
8555 8553 50
8553 8552 20
8553 8551 32
8551 8550 99
8551 8549 75
8549 8548 21
8549 8547 14
8547 8546 87
8547 8545 29
8545 8544 28
8545 8543 41
8543 8542 67
8543 8541 26
8541 8540 43
8541 8539 82
8539 8538 53
8539 8537 46
8537 8536 90
8537 8535 58
8535 8534 1
8535 8533 19
8533 8532 66
8533 8531 14
8531 8530 91
8531 8529 47
8529 8528 47
8529 8527 99
8527 8526 73
8527 8525 93
8525 8524 71
8525 8523 82
8523 8522 47
8523 8521 83
8521 8520 34
8521 8519 54
8519 8518 40
8519 8517 50
8517 8516 17
8517 8515 25
8515 8514 12
8515 8513 70
8513 8512 40
8513 8511 32
8511 8510 100
8511 8509 43
8509 8508 78
8509 8507 76
8507 8506 49
8507 8505 90
8505 8504 3
8505 8503 88
8503 8502 34
8503 8501 63
8501 8500 16
8501 8499 63
8499 8498 75
8499 8497 67
8497 8496 16
8497 8495 26
8495 8494 67
8495 8493 94
8493 8492 53
8493 8491 34
8491 8490 22
8491 8489 4
8489 8488 25
8489 8487 4
8487 8486 36
8487 8485 22
8485 8484 14
8485 8483 16
8483 8482 72
8483 8481 75
8481 8480 28
8481 8479 9
8479 8478 20
8479 8477 57
8477 8476 95
8477 8475 44
8475 8474 79
8475 8473 38
8473 8472 96
8473 8471 38
8471 8470 67
8471 8469 81
8469 8468 42
8469 8467 78
8467 8466 99
8467 8465 12
8465 8464 16
8465 8463 21
8463 8462 15
8463 8461 73
8461 8460 51
8461 8459 93
8459 8458 62
8459 8457 62
8457 8456 73
8457 8455 61
8455 8454 82
8455 8453 48
8453 8452 7
8453 8451 58
8451 8450 43
8451 8449 27
8449 8448 28
8449 8447 87
8447 8446 2
8447 8445 26
8445 8444 9
8445 8443 75
8443 8442 26
8443 8441 22
8441 8440 68
8441 8439 86
8439 8438 73
8439 8437 50
8437 8436 98
8437 8435 84
8435 8434 93
8435 8433 82
8433 8432 53
8433 8431 9
8431 8430 84
8431 8429 53
8429 8428 36
8429 8427 77
8427 8426 23
8427 8425 74
8425 8424 68
8425 8423 12
8423 8422 86
8423 8421 81
8421 8420 20
8421 8419 45
8419 8418 40
8419 8417 61
8417 8416 70
8417 8415 13
8415 8414 96
8415 8413 46
8413 8412 24
8413 8411 83
8411 8410 39
8411 8409 44
8409 8408 36
8409 8407 92
8407 8406 47
8407 8405 57
8405 8404 47
8405 8403 90
8403 8402 72
8403 8401 15
8401 8400 1
8401 8399 68
8399 8398 62
8399 8397 82
8397 8396 91
8397 8395 19
8395 8394 9
8395 8393 38
8393 8392 90
8393 8391 25
8391 8390 5
8391 8389 66
8389 8388 27
8389 8387 21
8387 8386 49
8387 8385 19
8385 8384 30
8385 8383 98
8383 8382 59
8383 8381 55
8381 8380 5
8381 8379 80
8379 8378 11
8379 8377 28
8377 8376 12
8377 8375 23
8375 8374 70
8375 8373 40
8373 8372 63
8373 8371 49
8371 8370 14
8371 8369 50
8369 8368 33
8369 8367 90
8367 8366 95
8367 8365 25
8365 8364 22
8365 8363 88
8363 8362 82
8363 8361 29
8361 8360 33
8361 8359 26
8359 8358 64
8359 8357 44
8357 8356 64
8357 8355 16
8355 8354 49
8355 8353 14
8353 8352 18
8353 8351 64
8351 8350 29
8351 8349 86
8349 8348 69
8349 8347 19
8347 8346 84
8347 8345 41
8345 8344 31
8345 8343 89
8343 8342 67
8343 8341 31
8341 8340 79
8341 8339 66
8339 8338 28
8339 8337 58
8337 8336 30
8337 8335 29
8335 8334 39
8335 8333 15
8333 8332 98
8333 8331 48
8331 8330 88
8331 8329 74
8329 8328 33
8329 8327 97
8327 8326 9
8327 8325 63
8325 8324 41
8325 8323 6
8323 8322 76
8323 8321 59
8321 8320 93
8321 8319 16
8319 8318 61
8319 8317 72
8317 8316 83
8317 8315 1
8315 8314 18
8315 8313 33
8313 8312 73
8313 8311 86
8311 8310 5
8311 8309 7
8309 8308 21
8309 8307 2
8307 8306 8
8307 8305 11
8305 8304 80
8305 8303 29
8303 8302 76
8303 8301 66
8301 8300 72
8301 8299 65
8299 8298 5
8299 8297 100
8297 8296 65
8297 8295 99
8295 8294 83
8295 8293 91
8293 8292 58
8293 8291 57
8291 8290 1
8291 8289 70
8289 8288 23
8289 8287 39
8287 8286 29
8287 8285 48
8285 8284 12
8285 8283 96
8283 8282 83
8283 8281 72
8281 8280 60
8281 8279 93
8279 8278 37
8279 8277 98
8277 8276 75
8277 8275 62
8275 8274 1
8275 8273 23
8273 8272 38
8273 8271 68
8271 8270 66
8271 8269 73
8269 8268 11
8269 8267 68
8267 8266 41
8267 8265 62
8265 8264 19
8265 8263 18
8263 8262 34
8263 8261 85
8261 8260 18
8261 8259 9
8259 8258 98
8259 8257 90
8257 8256 66
8257 8255 5
8255 8254 42
8255 8253 79
8253 8252 93
8253 8251 80
8251 8250 54
8251 8249 8
8249 8248 15
8249 8247 52
8247 8246 44
8247 8245 17
8245 8244 62
8245 8243 55
8243 8242 98
8243 8241 33
8241 8240 59
8241 8239 33
8239 8238 39
8239 8237 36
8237 8236 32
8237 8235 30
8235 8234 11
8235 8233 95
8233 8232 8
8233 8231 14
8231 8230 71
8231 8229 45
8229 8228 95
8229 8227 12
8227 8226 75
8227 8225 73
8225 8224 21
8225 8223 9
8223 8222 61
8223 8221 70
8221 8220 40
8221 8219 14
8219 8218 86
8219 8217 1
8217 8216 37
8217 8215 67
8215 8214 73
8215 8213 83
8213 8212 12
8213 8211 26
8211 8210 47
8211 8209 69
8209 8208 13
8209 8207 55
8207 8206 39
8207 8205 24
8205 8204 80
8205 8203 7
8203 8202 6
8203 8201 38
8201 8200 16
8201 8199 92
8199 8198 19
8199 8197 38
8197 8196 32
8197 8195 61
8195 8194 6
8195 8193 92
8193 8192 20
8193 8191 2
8191 8190 18
8191 8189 45
8189 8188 76
8189 8187 51
8187 8186 87
8187 8185 13
8185 8184 65
8185 8183 76
8183 8182 17
8183 8181 87
8181 8180 16
8181 8179 56
8179 8178 53
8179 8177 61
8177 8176 93
8177 8175 34
8175 8174 60
8175 8173 34
8173 8172 3
8173 8171 37
8171 8170 28
8171 8169 83
8169 8168 20
8169 8167 52
8167 8166 84
8167 8165 83
8165 8164 29
8165 8163 57
8163 8162 87
8163 8161 8
8161 8160 69
8161 8159 71
8159 8158 49
8159 8157 54
8157 8156 12
8157 8155 53
8155 8154 91
8155 8153 84
8153 8152 50
8153 8151 43
8151 8150 49
8151 8149 1
8149 8148 16
8149 8147 78
8147 8146 52
8147 8145 88
8145 8144 96
8145 8143 33
8143 8142 33
8143 8141 84
8141 8140 92
8141 8139 37
8139 8138 38
8139 8137 7
8137 8136 47
8137 8135 22
8135 8134 97
8135 8133 51
8133 8132 52
8133 8131 36
8131 8130 40
8131 8129 53
8129 8128 75
8129 8127 18
8127 8126 95
8127 8125 49
8125 8124 28
8125 8123 44
8123 8122 74
8123 8121 9
8121 8120 63
8121 8119 59
8119 8118 97
8119 8117 12
8117 8116 89
8117 8115 97
8115 8114 67
8115 8113 38
8113 8112 83
8113 8111 1
8111 8110 78
8111 8109 41
8109 8108 93
8109 8107 96
8107 8106 97
8107 8105 58
8105 8104 80
8105 8103 11
8103 8102 17
8103 8101 81
8101 8100 93
8101 8099 39
8099 8098 33
8099 8097 90
8097 8096 70
8097 8095 96
8095 8094 76
8095 8093 21
8093 8092 58
8093 8091 13
8091 8090 34
8091 8089 82
8089 8088 20
8089 8087 70
8087 8086 11
8087 8085 18
8085 8084 33
8085 8083 39
8083 8082 42
8083 8081 9
8081 8080 55
8081 8079 56
8079 8078 69
8079 8077 60
8077 8076 86
8077 8075 70
8075 8074 57
8075 8073 28
8073 8072 41
8073 8071 100
8071 8070 48
8071 8069 8
8069 8068 50
8069 8067 9
8067 8066 25
8067 8065 62
8065 8064 17
8065 8063 78
8063 8062 19
8063 8061 4
8061 8060 81
8061 8059 97
8059 8058 38
8059 8057 62
8057 8056 6
8057 8055 4
8055 8054 100
8055 8053 14
8053 8052 83
8053 8051 6
8051 8050 34
8051 8049 8
8049 8048 68
8049 8047 62
8047 8046 98
8047 8045 41
8045 8044 6
8045 8043 17
8043 8042 77
8043 8041 38
8041 8040 10
8041 8039 27
8039 8038 20
8039 8037 26
8037 8036 35
8037 8035 12
8035 8034 30
8035 8033 35
8033 8032 53
8033 8031 69
8031 8030 11
8031 8029 99
8029 8028 69
8029 8027 50
8027 8026 49
8027 8025 49
8025 8024 42
8025 8023 20
8023 8022 33
8023 8021 24
8021 8020 41
8021 8019 99
8019 8018 68
8019 8017 26
8017 8016 93
8017 8015 32
8015 8014 91
8015 8013 1
8013 8012 4
8013 8011 10
8011 8010 56
8011 8009 53
8009 8008 1
8009 8007 83
8007 8006 99
8007 8005 40
8005 8004 91
8005 8003 44
8003 8002 88
8003 8001 17
8001 8000 7
8001 7999 30
7999 7998 27
7999 7997 31
7997 7996 59
7997 7995 24
7995 7994 59
7995 7993 26
7993 7992 78
7993 7991 12
7991 7990 57
7991 7989 14
7989 7988 84
7989 7987 95
7987 7986 9
7987 7985 71
7985 7984 97
7985 7983 96
7983 7982 68
7983 7981 81
7981 7980 46
7981 7979 94
7979 7978 72
7979 7977 99
7977 7976 10
7977 7975 91
7975 7974 50
7975 7973 24
7973 7972 36
7973 7971 67
7971 7970 85
7971 7969 40
7969 7968 10
7969 7967 13
7967 7966 90
7967 7965 39
7965 7964 24
7965 7963 13
7963 7962 90
7963 7961 55
7961 7960 25
7961 7959 80
7959 7958 76
7959 7957 36
7957 7956 74
7957 7955 79
7955 7954 2
7955 7953 97
7953 7952 14
7953 7951 34
7951 7950 55
7951 7949 67
7949 7948 85
7949 7947 65
7947 7946 93
7947 7945 66
7945 7944 20
7945 7943 19
7943 7942 20
7943 7941 72
7941 7940 53
7941 7939 29
7939 7938 25
7939 7937 16
7937 7936 51
7937 7935 57
7935 7934 59
7935 7933 55
7933 7932 87
7933 7931 19
7931 7930 53
7931 7929 100
7929 7928 54
7929 7927 27
7927 7926 49
7927 7925 48
7925 7924 38
7925 7923 28
7923 7922 85
7923 7921 20
7921 7920 21
7921 7919 32
7919 7918 11
7919 7917 66
7917 7916 30
7917 7915 73
7915 7914 42
7915 7913 75
7913 7912 45
7913 7911 8
7911 7910 98
7911 7909 93
7909 7908 42
7909 7907 48
7907 7906 46
7907 7905 79
7905 7904 100
7905 7903 48
7903 7902 17
7903 7901 78
7901 7900 25
7901 7899 88
7899 7898 91
7899 7897 44
7897 7896 52
7897 7895 7
7895 7894 3
7895 7893 78
7893 7892 86
7893 7891 27
7891 7890 25
7891 7889 10
7889 7888 72
7889 7887 1
7887 7886 80
7887 7885 10
7885 7884 4
7885 7883 3
7883 7882 70
7883 7881 100
7881 7880 73
7881 7879 18
7879 7878 77
7879 7877 64
7877 7876 69
7877 7875 8
7875 7874 60
7875 7873 87
7873 7872 53
7873 7871 11
7871 7870 39
7871 7869 51
7869 7868 15
7869 7867 92
7867 7866 44
7867 7865 29
7865 7864 46
7865 7863 87
7863 7862 48
7863 7861 24
7861 7860 51
7861 7859 53
7859 7858 28
7859 7857 86
7857 7856 61
7857 7855 97
7855 7854 72
7855 7853 56
7853 7852 60
7853 7851 20
7851 7850 36
7851 7849 68
7849 7848 46
7849 7847 9
7847 7846 43
7847 7845 77
7845 7844 58
7845 7843 55
7843 7842 86
7843 7841 86
7841 7840 35
7841 7839 36
7839 7838 11
7839 7837 40
7837 7836 99
7837 7835 52
7835 7834 3
7835 7833 54
7833 7832 76
7833 7831 16
7831 7830 32
7831 7829 25
7829 7828 95
7829 7827 11
7827 7826 87
7827 7825 11
7825 7824 32
7825 7823 78
7823 7822 19
7823 7821 57
7821 7820 51
7821 7819 20
7819 7818 94
7819 7817 74
7817 7816 9
7817 7815 27
7815 7814 35
7815 7813 96
7813 7812 59
7813 7811 40
7811 7810 54
7811 7809 20
7809 7808 24
7809 7807 33
7807 7806 10
7807 7805 77
7805 7804 80
7805 7803 33
7803 7802 97
7803 7801 71
7801 7800 91
7801 7799 11
7799 7798 98
7799 7797 49
7797 7796 65
7797 7795 98
7795 7794 44
7795 7793 9
7793 7792 48
7793 7791 35
7791 7790 71
7791 7789 67
7789 7788 89
7789 7787 53
7787 7786 33
7787 7785 53
7785 7784 78
7785 7783 3
7783 7782 60
7783 7781 54
7781 7780 32
7781 7779 4
7779 7778 55
7779 7777 80
7777 7776 88
7777 7775 98
7775 7774 38
7775 7773 17
7773 7772 1
7773 7771 13
7771 7770 19
7771 7769 3
7769 7768 16
7769 7767 71
7767 7766 48
7767 7765 39
7765 7764 47
7765 7763 43
7763 7762 98
7763 7761 18
7761 7760 60
7761 7759 72
7759 7758 80
7759 7757 77
7757 7756 41
7757 7755 44
7755 7754 54
7755 7753 76
7753 7752 95
7753 7751 40
7751 7750 97
7751 7749 75
7749 7748 76
7749 7747 11
7747 7746 41
7747 7745 1
7745 7744 29
7745 7743 14
7743 7742 41
7743 7741 30
7741 7740 6
7741 7739 88
7739 7738 95
7739 7737 60
7737 7736 5
7737 7735 88
7735 7734 43
7735 7733 24
7733 7732 70
7733 7731 39
7731 7730 4
7731 7729 29
7729 7728 39
7729 7727 87
7727 7726 32
7727 7725 59
7725 7724 13
7725 7723 70
7723 7722 73
7723 7721 98
7721 7720 97
7721 7719 37
7719 7718 98
7719 7717 26
7717 7716 92
7717 7715 54
7715 7714 99
7715 7713 86
7713 7712 62
7713 7711 84
7711 7710 92
7711 7709 96
7709 7708 17
7709 7707 23
7707 7706 21
7707 7705 18
7705 7704 61
7705 7703 65
7703 7702 11
7703 7701 62
7701 7700 4
7701 7699 63
7699 7698 34
7699 7697 82
7697 7696 84
7697 7695 32
7695 7694 63
7695 7693 38
7693 7692 25
7693 7691 71
7691 7690 49
7691 7689 22
7689 7688 83
7689 7687 73
7687 7686 20
7687 7685 14
7685 7684 86
7685 7683 72
7683 7682 36
7683 7681 9
7681 7680 47
7681 7679 35
7679 7678 92
7679 7677 10
7677 7676 33
7677 7675 95
7675 7674 43
7675 7673 91
7673 7672 31
7673 7671 61
7671 7670 70
7671 7669 81
7669 7668 76
7669 7667 72
7667 7666 5
7667 7665 83
7665 7664 89
7665 7663 17
7663 7662 7
7663 7661 55
7661 7660 64
7661 7659 33
7659 7658 8
7659 7657 87
7657 7656 82
7657 7655 88
7655 7654 24
7655 7653 94
7653 7652 51
7653 7651 47
7651 7650 97
7651 7649 98
7649 7648 46
7649 7647 18
7647 7646 37
7647 7645 63
7645 7644 94
7645 7643 70
7643 7642 20
7643 7641 27
7641 7640 86
7641 7639 70
7639 7638 65
7639 7637 50
7637 7636 36
7637 7635 35
7635 7634 89
7635 7633 87
7633 7632 67
7633 7631 53
7631 7630 71
7631 7629 40
7629 7628 37
7629 7627 77
7627 7626 31
7627 7625 41
7625 7624 35
7625 7623 15
7623 7622 52
7623 7621 81
7621 7620 30
7621 7619 39
7619 7618 4
7619 7617 45
7617 7616 3
7617 7615 88
7615 7614 83
7615 7613 9
7613 7612 62
7613 7611 60
7611 7610 7
7611 7609 89
7609 7608 30
7609 7607 64
7607 7606 92
7607 7605 76
7605 7604 93
7605 7603 66
7603 7602 69
7603 7601 42
7601 7600 19
7601 7599 52
7599 7598 35
7599 7597 52
7597 7596 91
7597 7595 12
7595 7594 11
7595 7593 97
7593 7592 33
7593 7591 63
7591 7590 100
7591 7589 46
7589 7588 39
7589 7587 18
7587 7586 70
7587 7585 90
7585 7584 68
7585 7583 75
7583 7582 19
7583 7581 8
7581 7580 59
7581 7579 54
7579 7578 8
7579 7577 3
7577 7576 28
7577 7575 93
7575 7574 5
7575 7573 21
7573 7572 1
7573 7571 63
7571 7570 37
7571 7569 2
7569 7568 25
7569 7567 36
7567 7566 21
7567 7565 2
7565 7564 84
7565 7563 46
7563 7562 52
7563 7561 92
7561 7560 96
7561 7559 86
7559 7558 37
7559 7557 92
7557 7556 64
7557 7555 8
7555 7554 46
7555 7553 27
7553 7552 24
7553 7551 92
7551 7550 97
7551 7549 38
7549 7548 55
7549 7547 93
7547 7546 81
7547 7545 5
7545 7544 41
7545 7543 37
7543 7542 28
7543 7541 72
7541 7540 3
7541 7539 15
7539 7538 98
7539 7537 42
7537 7536 76
7537 7535 96
7535 7534 37
7535 7533 26
7533 7532 28
7533 7531 5
7531 7530 77
7531 7529 43
7529 7528 3
7529 7527 47
7527 7526 36
7527 7525 70
7525 7524 21
7525 7523 19
7523 7522 1
7523 7521 62
7521 7520 59
7521 7519 44
7519 7518 92
7519 7517 55
7517 7516 54
7517 7515 35
7515 7514 77
7515 7513 25
7513 7512 18
7513 7511 30
7511 7510 20
7511 7509 81
7509 7508 93
7509 7507 23
7507 7506 25
7507 7505 14
7505 7504 39
7505 7503 60
7503 7502 21
7503 7501 25
7501 7500 25
7501 7499 46
7499 7498 4
7499 7497 27
7497 7496 84
7497 7495 45
7495 7494 63
7495 7493 98
7493 7492 13
7493 7491 35
7491 7490 23
7491 7489 45
7489 7488 23
7489 7487 79
7487 7486 19
7487 7485 94
7485 7484 21
7485 7483 4
7483 7482 36
7483 7481 54
7481 7480 84
7481 7479 73
7479 7478 92
7479 7477 86
7477 7476 48
7477 7475 20
7475 7474 15
7475 7473 11
7473 7472 1
7473 7471 87
7471 7470 49
7471 7469 56
7469 7468 68
7469 7467 6
7467 7466 98
7467 7465 53
7465 7464 15
7465 7463 83
7463 7462 5
7463 7461 9
7461 7460 41
7461 7459 6
7459 7458 85
7459 7457 40
7457 7456 47
7457 7455 32
7455 7454 85
7455 7453 94
7453 7452 14
7453 7451 57
7451 7450 68
7451 7449 29
7449 7448 25
7449 7447 15
7447 7446 22
7447 7445 83
7445 7444 82
7445 7443 11
7443 7442 57
7443 7441 71
7441 7440 9
7441 7439 54
7439 7438 55
7439 7437 53
7437 7436 94
7437 7435 17
7435 7434 88
7435 7433 10
7433 7432 99
7433 7431 92
7431 7430 65
7431 7429 37
7429 7428 27
7429 7427 43
7427 7426 66
7427 7425 94
7425 7424 31
7425 7423 78
7423 7422 65
7423 7421 65
7421 7420 52
7421 7419 39
7419 7418 44
7419 7417 27
7417 7416 96
7417 7415 19
7415 7414 26
7415 7413 70
7413 7412 10
7413 7411 81
7411 7410 1
7411 7409 38
7409 7408 85
7409 7407 62
7407 7406 42
7407 7405 7
7405 7404 51
7405 7403 29
7403 7402 30
7403 7401 92
7401 7400 30
7401 7399 71
7399 7398 62
7399 7397 64
7397 7396 36
7397 7395 46
7395 7394 41
7395 7393 18
7393 7392 61
7393 7391 40
7391 7390 18
7391 7389 75
7389 7388 95
7389 7387 60
7387 7386 100
7387 7385 75
7385 7384 60
7385 7383 9
7383 7382 39
7383 7381 39
7381 7380 70
7381 7379 99
7379 7378 42
7379 7377 53
7377 7376 66
7377 7375 45
7375 7374 46
7375 7373 98
7373 7372 54
7373 7371 99
7371 7370 67
7371 7369 98
7369 7368 12
7369 7367 16
7367 7366 24
7367 7365 10
7365 7364 91
7365 7363 66
7363 7362 44
7363 7361 74
7361 7360 40
7361 7359 81
7359 7358 38
7359 7357 75
7357 7356 24
7357 7355 20
7355 7354 54
7355 7353 29
7353 7352 53
7353 7351 60
7351 7350 27
7351 7349 8
7349 7348 95
7349 7347 98
7347 7346 22
7347 7345 26
7345 7344 65
7345 7343 47
7343 7342 85
7343 7341 31
7341 7340 13
7341 7339 24
7339 7338 70
7339 7337 35
7337 7336 12
7337 7335 45
7335 7334 45
7335 7333 47
7333 7332 28
7333 7331 89
7331 7330 94
7331 7329 27
7329 7328 64
7329 7327 87
7327 7326 98
7327 7325 71
7325 7324 88
7325 7323 64
7323 7322 97
7323 7321 24
7321 7320 40
7321 7319 6
7319 7318 82
7319 7317 88
7317 7316 91
7317 7315 19
7315 7314 46
7315 7313 48
7313 7312 22
7313 7311 50
7311 7310 11
7311 7309 91
7309 7308 100
7309 7307 28
7307 7306 41
7307 7305 14
7305 7304 4
7305 7303 84
7303 7302 12
7303 7301 44
7301 7300 33
7301 7299 95
7299 7298 7
7299 7297 50
7297 7296 84
7297 7295 30
7295 7294 48
7295 7293 3
7293 7292 65
7293 7291 58
7291 7290 68
7291 7289 6
7289 7288 66
7289 7287 27
7287 7286 99
7287 7285 47
7285 7284 89
7285 7283 51
7283 7282 56
7283 7281 67
7281 7280 92
7281 7279 42
7279 7278 86
7279 7277 24
7277 7276 26
7277 7275 61
7275 7274 45
7275 7273 58
7273 7272 68
7273 7271 50
7271 7270 48
7271 7269 89
7269 7268 18
7269 7267 98
7267 7266 22
7267 7265 79
7265 7264 9
7265 7263 10
7263 7262 98
7263 7261 10
7261 7260 15
7261 7259 25
7259 7258 75
7259 7257 62
7257 7256 100
7257 7255 14
7255 7254 56
7255 7253 67
7253 7252 55
7253 7251 51
7251 7250 43
7251 7249 21
7249 7248 26
7249 7247 85
7247 7246 94
7247 7245 29
7245 7244 10
7245 7243 16
7243 7242 71
7243 7241 98
7241 7240 78
7241 7239 93
7239 7238 100
7239 7237 70
7237 7236 46
7237 7235 14
7235 7234 49
7235 7233 49
7233 7232 52
7233 7231 4
7231 7230 85
7231 7229 66
7229 7228 4
7229 7227 40
7227 7226 81
7227 7225 57
7225 7224 31
7225 7223 17
7223 7222 65
7223 7221 48
7221 7220 78
7221 7219 32
7219 7218 14
7219 7217 21
7217 7216 11
7217 7215 18
7215 7214 77
7215 7213 2
7213 7212 15
7213 7211 58
7211 7210 55
7211 7209 85
7209 7208 46
7209 7207 84
7207 7206 24
7207 7205 100
7205 7204 22
7205 7203 57
7203 7202 28
7203 7201 78
7201 7200 64
7201 7199 44
7199 7198 26
7199 7197 39
7197 7196 31
7197 7195 83
7195 7194 19
7195 7193 87
7193 7192 89
7193 7191 40
7191 7190 65
7191 7189 4
7189 7188 24
7189 7187 36
7187 7186 53
7187 7185 59
7185 7184 50
7185 7183 24
7183 7182 3
7183 7181 96
7181 7180 63
7181 7179 11
7179 7178 11
7179 7177 94
7177 7176 3
7177 7175 99
7175 7174 6
7175 7173 67
7173 7172 48
7173 7171 59
7171 7170 81
7171 7169 51
7169 7168 30
7169 7167 89
7167 7166 49
7167 7165 4
7165 7164 11
7165 7163 92
7163 7162 66
7163 7161 62
7161 7160 97
7161 7159 41
7159 7158 70
7159 7157 63
7157 7156 20
7157 7155 5
7155 7154 41
7155 7153 29
7153 7152 74
7153 7151 83
7151 7150 90
7151 7149 88
7149 7148 74
7149 7147 66
7147 7146 12
7147 7145 24
7145 7144 39
7145 7143 59
7143 7142 9
7143 7141 58
7141 7140 65
7141 7139 34
7139 7138 28
7139 7137 37
7137 7136 60
7137 7135 2
7135 7134 94
7135 7133 47
7133 7132 55
7133 7131 22
7131 7130 96
7131 7129 95
7129 7128 46
7129 7127 24
7127 7126 21
7127 7125 11
7125 7124 60
7125 7123 48
7123 7122 18
7123 7121 46
7121 7120 97
7121 7119 98
7119 7118 13
7119 7117 88
7117 7116 74
7117 7115 25
7115 7114 47
7115 7113 3
7113 7112 54
7113 7111 61
7111 7110 84
7111 7109 64
7109 7108 56
7109 7107 41
7107 7106 27
7107 7105 80
7105 7104 10
7105 7103 69
7103 7102 78
7103 7101 88
7101 7100 71
7101 7099 80
7099 7098 84
7099 7097 61
7097 7096 24
7097 7095 52
7095 7094 2
7095 7093 32
7093 7092 73
7093 7091 70
7091 7090 31
7091 7089 82
7089 7088 67
7089 7087 98
7087 7086 4
7087 7085 3
7085 7084 80
7085 7083 100
7083 7082 5
7083 7081 36
7081 7080 86
7081 7079 82
7079 7078 18
7079 7077 31
7077 7076 33
7077 7075 69
7075 7074 10
7075 7073 79
7073 7072 9
7073 7071 23
7071 7070 1
7071 7069 6
7069 7068 97
7069 7067 74
7067 7066 38
7067 7065 32
7065 7064 12
7065 7063 31
7063 7062 7
7063 7061 20
7061 7060 89
7061 7059 32
7059 7058 48
7059 7057 39
7057 7056 27
7057 7055 92
7055 7054 81
7055 7053 56
7053 7052 1
7053 7051 54
7051 7050 87
7051 7049 47
7049 7048 76
7049 7047 15
7047 7046 94
7047 7045 16
7045 7044 14
7045 7043 54
7043 7042 4
7043 7041 81
7041 7040 15
7041 7039 17
7039 7038 34
7039 7037 40
7037 7036 12
7037 7035 30
7035 7034 84
7035 7033 47
7033 7032 71
7033 7031 69
7031 7030 93
7031 7029 66
7029 7028 19
7029 7027 7
7027 7026 26
7027 7025 68
7025 7024 65
7025 7023 47
7023 7022 8
7023 7021 31
7021 7020 25
7021 7019 90
7019 7018 48
7019 7017 80
7017 7016 12
7017 7015 14
7015 7014 76
7015 7013 73
7013 7012 19
7013 7011 17
7011 7010 3
7011 7009 100
7009 7008 48
7009 7007 63
7007 7006 80
7007 7005 4
7005 7004 72
7005 7003 47
7003 7002 69
7003 7001 44
7001 7000 27
7001 6999 57
6999 6998 32
6999 6997 70
6997 6996 77
6997 6995 64
6995 6994 66
6995 6993 21
6993 6992 6
6993 6991 89
6991 6990 23
6991 6989 65
6989 6988 3
6989 6987 18
6987 6986 65
6987 6985 25
6985 6984 40
6985 6983 66
6983 6982 82
6983 6981 17
6981 6980 19
6981 6979 1
6979 6978 87
6979 6977 85
6977 6976 62
6977 6975 17
6975 6974 98
6975 6973 50
6973 6972 14
6973 6971 32
6971 6970 9
6971 6969 51
6969 6968 26
6969 6967 9
6967 6966 27
6967 6965 50
6965 6964 100
6965 6963 64
6963 6962 1
6963 6961 91
6961 6960 97
6961 6959 33
6959 6958 62
6959 6957 95
6957 6956 69
6957 6955 6
6955 6954 56
6955 6953 100
6953 6952 93
6953 6951 94
6951 6950 19
6951 6949 30
6949 6948 31
6949 6947 68
6947 6946 82
6947 6945 5
6945 6944 4
6945 6943 24
6943 6942 7
6943 6941 76
6941 6940 59
6941 6939 13
6939 6938 10
6939 6937 38
6937 6936 57
6937 6935 73
6935 6934 100
6935 6933 58
6933 6932 46
6933 6931 24
6931 6930 92
6931 6929 32
6929 6928 83
6929 6927 19
6927 6926 7
6927 6925 55
6925 6924 32
6925 6923 21
6923 6922 51
6923 6921 34
6921 6920 18
6921 6919 97
6919 6918 94
6919 6917 21
6917 6916 41
6917 6915 94
6915 6914 80
6915 6913 92
6913 6912 70
6913 6911 52
6911 6910 54
6911 6909 82
6909 6908 9
6909 6907 64
6907 6906 79
6907 6905 97
6905 6904 74
6905 6903 11
6903 6902 3
6903 6901 8
6901 6900 42
6901 6899 85
6899 6898 57
6899 6897 36
6897 6896 54
6897 6895 69
6895 6894 93
6895 6893 36
6893 6892 60
6893 6891 26
6891 6890 10
6891 6889 25
6889 6888 60
6889 6887 99
6887 6886 55
6887 6885 47
6885 6884 94
6885 6883 69
6883 6882 63
6883 6881 4
6881 6880 18
6881 6879 51
6879 6878 14
6879 6877 59
6877 6876 96
6877 6875 4
6875 6874 48
6875 6873 50
6873 6872 69
6873 6871 84
6871 6870 3
6871 6869 59
6869 6868 90
6869 6867 20
6867 6866 47
6867 6865 100
6865 6864 32
6865 6863 22
6863 6862 96
6863 6861 70
6861 6860 71
6861 6859 67
6859 6858 8
6859 6857 51
6857 6856 24
6857 6855 13
6855 6854 67
6855 6853 1
6853 6852 29
6853 6851 25
6851 6850 27
6851 6849 18
6849 6848 76
6849 6847 14
6847 6846 94
6847 6845 74
6845 6844 26
6845 6843 56
6843 6842 95
6843 6841 9
6841 6840 75
6841 6839 92
6839 6838 98
6839 6837 71
6837 6836 15
6837 6835 38
6835 6834 96
6835 6833 38
6833 6832 45
6833 6831 90
6831 6830 86
6831 6829 14
6829 6828 99
6829 6827 12
6827 6826 43
6827 6825 73
6825 6824 41
6825 6823 52
6823 6822 87
6823 6821 72
6821 6820 22
6821 6819 80
6819 6818 11
6819 6817 35
6817 6816 22
6817 6815 35
6815 6814 41
6815 6813 85
6813 6812 74
6813 6811 64
6811 6810 15
6811 6809 9
6809 6808 24
6809 6807 49
6807 6806 44
6807 6805 39
6805 6804 19
6805 6803 12
6803 6802 49
6803 6801 5
6801 6800 9
6801 6799 87
6799 6798 75
6799 6797 1
6797 6796 10
6797 6795 16
6795 6794 64
6795 6793 17
6793 6792 43
6793 6791 38
6791 6790 89
6791 6789 80
6789 6788 75
6789 6787 30
6787 6786 9
6787 6785 11
6785 6784 31
6785 6783 56
6783 6782 25
6783 6781 96
6781 6780 75
6781 6779 22
6779 6778 36
6779 6777 24
6777 6776 56
6777 6775 32
6775 6774 16
6775 6773 41
6773 6772 93
6773 6771 64
6771 6770 56
6771 6769 33
6769 6768 93
6769 6767 56
6767 6766 85
6767 6765 21
6765 6764 4
6765 6763 34
6763 6762 20
6763 6761 14
6761 6760 25
6761 6759 26
6759 6758 16
6759 6757 9
6757 6756 60
6757 6755 73
6755 6754 12
6755 6753 53
6753 6752 95
6753 6751 29
6751 6750 59
6751 6749 82
6749 6748 52
6749 6747 89
6747 6746 80
6747 6745 22
6745 6744 57
6745 6743 48
6743 6742 92
6743 6741 64
6741 6740 67
6741 6739 56
6739 6738 68
6739 6737 4
6737 6736 57
6737 6735 5
6735 6734 20
6735 6733 41
6733 6732 12
6733 6731 52
6731 6730 35
6731 6729 63
6729 6728 49
6729 6727 55
6727 6726 36
6727 6725 36
6725 6724 67
6725 6723 96
6723 6722 48
6723 6721 40
6721 6720 16
6721 6719 61
6719 6718 12
6719 6717 89
6717 6716 13
6717 6715 24
6715 6714 82
6715 6713 5
6713 6712 26
6713 6711 69
6711 6710 8
6711 6709 52
6709 6708 78
6709 6707 85
6707 6706 12
6707 6705 13
6705 6704 44
6705 6703 44
6703 6702 78
6703 6701 93
6701 6700 64
6701 6699 54
6699 6698 28
6699 6697 36
6697 6696 83
6697 6695 4
6695 6694 2
6695 6693 73
6693 6692 76
6693 6691 72
6691 6690 16
6691 6689 43
6689 6688 37
6689 6687 75
6687 6686 45
6687 6685 26
6685 6684 100
6685 6683 91
6683 6682 69
6683 6681 9
6681 6680 57
6681 6679 94
6679 6678 91
6679 6677 75
6677 6676 96
6677 6675 56
6675 6674 56
6675 6673 36
6673 6672 48
6673 6671 45
6671 6670 43
6671 6669 6
6669 6668 20
6669 6667 3
6667 6666 14
6667 6665 26
6665 6664 6
6665 6663 52
6663 6662 31
6663 6661 79
6661 6660 26
6661 6659 13
6659 6658 51
6659 6657 96
6657 6656 74
6657 6655 26
6655 6654 99
6655 6653 57
6653 6652 28
6653 6651 16
6651 6650 21
6651 6649 72
6649 6648 60
6649 6647 26
6647 6646 23
6647 6645 37
6645 6644 68
6645 6643 42
6643 6642 1
6643 6641 15
6641 6640 98
6641 6639 62
6639 6638 17
6639 6637 13
6637 6636 67
6637 6635 6
6635 6634 76
6635 6633 69
6633 6632 40
6633 6631 19
6631 6630 41
6631 6629 53
6629 6628 11
6629 6627 80
6627 6626 58
6627 6625 36
6625 6624 69
6625 6623 33
6623 6622 50
6623 6621 20
6621 6620 29
6621 6619 38
6619 6618 36
6619 6617 90
6617 6616 7
6617 6615 39
6615 6614 64
6615 6613 48
6613 6612 16
6613 6611 8
6611 6610 35
6611 6609 73
6609 6608 75
6609 6607 70
6607 6606 83
6607 6605 4
6605 6604 8
6605 6603 17
6603 6602 52
6603 6601 24
6601 6600 89
6601 6599 90
6599 6598 43
6599 6597 6
6597 6596 10
6597 6595 52
6595 6594 31
6595 6593 16
6593 6592 21
6593 6591 95
6591 6590 78
6591 6589 8
6589 6588 16
6589 6587 12
6587 6586 38
6587 6585 86
6585 6584 2
6585 6583 5
6583 6582 25
6583 6581 39
6581 6580 37
6581 6579 31
6579 6578 21
6579 6577 62
6577 6576 16
6577 6575 9
6575 6574 25
6575 6573 94
6573 6572 41
6573 6571 36
6571 6570 98
6571 6569 59
6569 6568 72
6569 6567 58
6567 6566 56
6567 6565 53
6565 6564 63
6565 6563 55
6563 6562 79
6563 6561 60
6561 6560 98
6561 6559 18
6559 6558 28
6559 6557 81
6557 6556 14
6557 6555 34
6555 6554 40
6555 6553 82
6553 6552 33
6553 6551 30
6551 6550 41
6551 6549 94
6549 6548 85
6549 6547 64
6547 6546 83
6547 6545 20
6545 6544 54
6545 6543 77
6543 6542 89
6543 6541 30
6541 6540 67
6541 6539 30
6539 6538 1
6539 6537 95
6537 6536 67
6537 6535 65
6535 6534 32
6535 6533 89
6533 6532 100
6533 6531 49
6531 6530 1
6531 6529 74
6529 6528 35
6529 6527 7
6527 6526 36
6527 6525 93
6525 6524 54
6525 6523 38
6523 6522 19
6523 6521 73
6521 6520 65
6521 6519 94
6519 6518 42
6519 6517 84
6517 6516 63
6517 6515 72
6515 6514 34
6515 6513 42
6513 6512 49
6513 6511 65
6511 6510 99
6511 6509 96
6509 6508 79
6509 6507 90
6507 6506 68
6507 6505 17
6505 6504 90
6505 6503 53
6503 6502 28
6503 6501 56
6501 6500 53
6501 6499 16
6499 6498 86
6499 6497 7
6497 6496 69
6497 6495 67
6495 6494 33
6495 6493 28
6493 6492 29
6493 6491 63
6491 6490 74
6491 6489 55
6489 6488 15
6489 6487 7
6487 6486 88
6487 6485 55
6485 6484 93
6485 6483 56
6483 6482 83
6483 6481 60
6481 6480 92
6481 6479 45
6479 6478 85
6479 6477 77
6477 6476 36
6477 6475 50
6475 6474 22
6475 6473 82
6473 6472 95
6473 6471 4
6471 6470 57
6471 6469 63
6469 6468 72
6469 6467 80
6467 6466 90
6467 6465 100
6465 6464 89
6465 6463 98
6463 6462 6
6463 6461 9
6461 6460 68
6461 6459 100
6459 6458 22
6459 6457 87
6457 6456 89
6457 6455 18
6455 6454 41
6455 6453 30
6453 6452 52
6453 6451 29
6451 6450 55
6451 6449 83
6449 6448 30
6449 6447 63
6447 6446 79
6447 6445 46
6445 6444 31
6445 6443 2
6443 6442 53
6443 6441 95
6441 6440 14
6441 6439 26
6439 6438 49
6439 6437 80
6437 6436 17
6437 6435 47
6435 6434 63
6435 6433 13
6433 6432 14
6433 6431 31
6431 6430 86
6431 6429 59
6429 6428 25
6429 6427 69
6427 6426 16
6427 6425 87
6425 6424 50
6425 6423 15
6423 6422 98
6423 6421 33
6421 6420 14
6421 6419 60
6419 6418 11
6419 6417 73
6417 6416 93
6417 6415 35
6415 6414 59
6415 6413 97
6413 6412 17
6413 6411 89
6411 6410 38
6411 6409 26
6409 6408 58
6409 6407 67
6407 6406 68
6407 6405 77
6405 6404 31
6405 6403 5
6403 6402 5
6403 6401 53
6401 6400 97
6401 6399 29
6399 6398 80
6399 6397 16
6397 6396 71
6397 6395 96
6395 6394 87
6395 6393 43
6393 6392 77
6393 6391 96
6391 6390 68
6391 6389 50
6389 6388 29
6389 6387 50
6387 6386 89
6387 6385 26
6385 6384 50
6385 6383 3
6383 6382 88
6383 6381 78
6381 6380 34
6381 6379 50
6379 6378 2
6379 6377 1
6377 6376 77
6377 6375 14
6375 6374 87
6375 6373 27
6373 6372 28
6373 6371 88
6371 6370 18
6371 6369 59
6369 6368 48
6369 6367 67
6367 6366 79
6367 6365 4
6365 6364 53
6365 6363 8
6363 6362 60
6363 6361 38
6361 6360 41
6361 6359 82
6359 6358 74
6359 6357 28
6357 6356 46
6357 6355 37
6355 6354 80
6355 6353 35
6353 6352 22
6353 6351 2
6351 6350 70
6351 6349 78
6349 6348 49
6349 6347 43
6347 6346 93
6347 6345 77
6345 6344 31
6345 6343 55
6343 6342 59
6343 6341 31
6341 6340 83
6341 6339 83
6339 6338 99
6339 6337 65
6337 6336 95
6337 6335 47
6335 6334 85
6335 6333 70
6333 6332 19
6333 6331 100
6331 6330 4
6331 6329 30
6329 6328 65
6329 6327 13
6327 6326 25
6327 6325 27
6325 6324 27
6325 6323 31
6323 6322 11
6323 6321 82
6321 6320 98
6321 6319 36
6319 6318 23
6319 6317 74
6317 6316 36
6317 6315 96
6315 6314 9
6315 6313 88
6313 6312 50
6313 6311 68
6311 6310 97
6311 6309 93
6309 6308 32
6309 6307 71
6307 6306 31
6307 6305 40
6305 6304 19
6305 6303 94
6303 6302 27
6303 6301 80
6301 6300 35
6301 6299 88
6299 6298 29
6299 6297 62
6297 6296 21
6297 6295 75
6295 6294 62
6295 6293 46
6293 6292 31
6293 6291 25
6291 6290 44
6291 6289 74
6289 6288 99
6289 6287 71
6287 6286 15
6287 6285 91
6285 6284 87
6285 6283 88
6283 6282 27
6283 6281 85
6281 6280 95
6281 6279 43
6279 6278 22
6279 6277 69
6277 6276 93
6277 6275 8
6275 6274 70
6275 6273 69
6273 6272 18
6273 6271 33
6271 6270 79
6271 6269 54
6269 6268 84
6269 6267 14
6267 6266 67
6267 6265 26
6265 6264 22
6265 6263 84
6263 6262 64
6263 6261 39
6261 6260 24
6261 6259 84
6259 6258 40
6259 6257 91
6257 6256 25
6257 6255 3
6255 6254 16
6255 6253 30
6253 6252 37
6253 6251 94
6251 6250 60
6251 6249 79
6249 6248 86
6249 6247 73
6247 6246 89
6247 6245 72
6245 6244 90
6245 6243 87
6243 6242 35
6243 6241 56
6241 6240 48
6241 6239 5
6239 6238 51
6239 6237 67
6237 6236 54
6237 6235 77
6235 6234 76
6235 6233 37
6233 6232 61
6233 6231 35
6231 6230 36
6231 6229 9
6229 6228 31
6229 6227 29
6227 6226 1
6227 6225 95
6225 6224 55
6225 6223 21
6223 6222 98
6223 6221 89
6221 6220 21
6221 6219 12
6219 6218 100
6219 6217 85
6217 6216 21
6217 6215 32
6215 6214 91
6215 6213 18
6213 6212 5
6213 6211 35
6211 6210 56
6211 6209 76
6209 6208 79
6209 6207 79
6207 6206 92
6207 6205 97
6205 6204 42
6205 6203 16
6203 6202 31
6203 6201 17
6201 6200 96
6201 6199 30
6199 6198 63
6199 6197 52
6197 6196 82
6197 6195 77
6195 6194 19
6195 6193 74
6193 6192 84
6193 6191 83
6191 6190 51
6191 6189 32
6189 6188 13
6189 6187 38
6187 6186 70
6187 6185 22
6185 6184 5
6185 6183 31
6183 6182 76
6183 6181 54
6181 6180 70
6181 6179 62
6179 6178 9
6179 6177 23
6177 6176 14
6177 6175 47
6175 6174 95
6175 6173 44
6173 6172 13
6173 6171 99
6171 6170 60
6171 6169 10
6169 6168 66
6169 6167 65
6167 6166 81
6167 6165 22
6165 6164 16
6165 6163 77
6163 6162 75
6163 6161 29
6161 6160 75
6161 6159 21
6159 6158 27
6159 6157 28
6157 6156 86
6157 6155 67
6155 6154 25
6155 6153 98
6153 6152 45
6153 6151 78
6151 6150 92
6151 6149 43
6149 6148 100
6149 6147 12
6147 6146 84
6147 6145 38
6145 6144 97
6145 6143 64
6143 6142 9
6143 6141 27
6141 6140 18
6141 6139 72
6139 6138 72
6139 6137 14
6137 6136 82
6137 6135 14
6135 6134 68
6135 6133 51
6133 6132 59
6133 6131 86
6131 6130 45
6131 6129 69
6129 6128 26
6129 6127 8
6127 6126 52
6127 6125 74
6125 6124 85
6125 6123 82
6123 6122 24
6123 6121 22
6121 6120 2
6121 6119 38
6119 6118 57
6119 6117 92
6117 6116 37
6117 6115 47
6115 6114 93
6115 6113 94
6113 6112 42
6113 6111 93
6111 6110 91
6111 6109 40
6109 6108 6
6109 6107 42
6107 6106 48
6107 6105 73
6105 6104 99
6105 6103 57
6103 6102 80
6103 6101 93
6101 6100 100
6101 6099 93
6099 6098 48
6099 6097 100
6097 6096 98
6097 6095 83
6095 6094 61
6095 6093 48
6093 6092 93
6093 6091 65
6091 6090 1
6091 6089 74
6089 6088 29
6089 6087 36
6087 6086 98
6087 6085 72
6085 6084 76
6085 6083 83
6083 6082 50
6083 6081 59
6081 6080 13
6081 6079 40
6079 6078 73
6079 6077 11
6077 6076 58
6077 6075 28
6075 6074 87
6075 6073 94
6073 6072 80
6073 6071 77
6071 6070 19
6071 6069 16
6069 6068 36
6069 6067 93
6067 6066 84
6067 6065 64
6065 6064 8
6065 6063 100
6063 6062 31
6063 6061 82
6061 6060 10
6061 6059 11
6059 6058 23
6059 6057 92
6057 6056 47
6057 6055 13
6055 6054 65
6055 6053 15
6053 6052 57
6053 6051 57
6051 6050 6
6051 6049 11
6049 6048 81
6049 6047 84
6047 6046 2
6047 6045 46
6045 6044 88
6045 6043 56
6043 6042 15
6043 6041 15
6041 6040 18
6041 6039 45
6039 6038 27
6039 6037 47
6037 6036 49
6037 6035 25
6035 6034 96
6035 6033 50
6033 6032 7
6033 6031 96
6031 6030 31
6031 6029 85
6029 6028 91
6029 6027 48
6027 6026 59
6027 6025 12
6025 6024 100
6025 6023 46
6023 6022 21
6023 6021 77
6021 6020 59
6021 6019 66
6019 6018 76
6019 6017 43
6017 6016 5
6017 6015 14
6015 6014 24
6015 6013 49
6013 6012 23
6013 6011 15
6011 6010 10
6011 6009 87
6009 6008 72
6009 6007 39
6007 6006 51
6007 6005 35
6005 6004 35
6005 6003 14
6003 6002 64
6003 6001 86
6001 6000 1
6001 5999 85
5999 5998 79
5999 5997 90
5997 5996 55
5997 5995 56
5995 5994 62
5995 5993 84
5993 5992 20
5993 5991 27
5991 5990 39
5991 5989 81
5989 5988 79
5989 5987 87
5987 5986 80
5987 5985 88
5985 5984 52
5985 5983 3
5983 5982 88
5983 5981 33
5981 5980 45
5981 5979 18
5979 5978 42
5979 5977 6
5977 5976 64
5977 5975 63
5975 5974 34
5975 5973 8
5973 5972 79
5973 5971 65
5971 5970 65
5971 5969 12
5969 5968 42
5969 5967 78
5967 5966 98
5967 5965 19
5965 5964 51
5965 5963 2
5963 5962 7
5963 5961 27
5961 5960 99
5961 5959 66
5959 5958 22
5959 5957 89
5957 5956 58
5957 5955 22
5955 5954 98
5955 5953 78
5953 5952 80
5953 5951 89
5951 5950 18
5951 5949 57
5949 5948 37
5949 5947 93
5947 5946 82
5947 5945 20
5945 5944 26
5945 5943 31
5943 5942 42
5943 5941 12
5941 5940 15
5941 5939 48
5939 5938 4
5939 5937 54
5937 5936 88
5937 5935 22
5935 5934 69
5935 5933 44
5933 5932 36
5933 5931 56
5931 5930 82
5931 5929 11
5929 5928 50
5929 5927 31
5927 5926 27
5927 5925 52
5925 5924 18
5925 5923 95
5923 5922 51
5923 5921 99
5921 5920 42
5921 5919 87
5919 5918 16
5919 5917 12
5917 5916 99
5917 5915 2
5915 5914 9
5915 5913 91
5913 5912 85
5913 5911 58
5911 5910 32
5911 5909 91
5909 5908 93
5909 5907 2
5907 5906 49
5907 5905 46
5905 5904 14
5905 5903 8
5903 5902 69
5903 5901 79
5901 5900 78
5901 5899 42
5899 5898 86
5899 5897 52
5897 5896 94
5897 5895 17
5895 5894 75
5895 5893 85
5893 5892 56
5893 5891 41
5891 5890 1
5891 5889 3
5889 5888 79
5889 5887 53
5887 5886 69
5887 5885 5
5885 5884 100
5885 5883 16
5883 5882 98
5883 5881 38
5881 5880 8
5881 5879 63
5879 5878 65
5879 5877 40
5877 5876 82
5877 5875 77
5875 5874 91
5875 5873 5
5873 5872 40
5873 5871 10
5871 5870 13
5871 5869 59
5869 5868 55
5869 5867 11
5867 5866 61
5867 5865 13
5865 5864 37
5865 5863 90
5863 5862 77
5863 5861 47
5861 5860 3
5861 5859 53
5859 5858 20
5859 5857 76
5857 5856 27
5857 5855 85
5855 5854 24
5855 5853 83
5853 5852 18
5853 5851 3
5851 5850 20
5851 5849 1
5849 5848 17
5849 5847 1
5847 5846 38
5847 5845 62
5845 5844 48
5845 5843 98
5843 5842 73
5843 5841 41
5841 5840 13
5841 5839 53
5839 5838 6
5839 5837 12
5837 5836 40
5837 5835 82
5835 5834 70
5835 5833 5
5833 5832 78
5833 5831 14
5831 5830 51
5831 5829 18
5829 5828 71
5829 5827 49
5827 5826 77
5827 5825 62
5825 5824 5
5825 5823 94
5823 5822 4
5823 5821 45
5821 5820 9
5821 5819 53
5819 5818 50
5819 5817 58
5817 5816 83
5817 5815 24
5815 5814 28
5815 5813 43
5813 5812 82
5813 5811 55
5811 5810 30
5811 5809 29
5809 5808 34
5809 5807 26
5807 5806 33
5807 5805 44
5805 5804 54
5805 5803 46
5803 5802 10
5803 5801 91
5801 5800 48
5801 5799 56
5799 5798 89
5799 5797 76
5797 5796 18
5797 5795 6
5795 5794 2
5795 5793 100
5793 5792 44
5793 5791 68
5791 5790 61
5791 5789 86
5789 5788 13
5789 5787 4
5787 5786 51
5787 5785 88
5785 5784 54
5785 5783 77
5783 5782 40
5783 5781 95
5781 5780 90
5781 5779 71
5779 5778 20
5779 5777 27
5777 5776 68
5777 5775 41
5775 5774 81
5775 5773 71
5773 5772 92
5773 5771 41
5771 5770 66
5771 5769 70
5769 5768 10
5769 5767 70
5767 5766 73
5767 5765 28
5765 5764 60
5765 5763 39
5763 5762 74
5763 5761 4
5761 5760 67
5761 5759 34
5759 5758 52
5759 5757 32
5757 5756 58
5757 5755 66
5755 5754 82
5755 5753 14
5753 5752 73
5753 5751 57
5751 5750 23
5751 5749 21
5749 5748 73
5749 5747 12
5747 5746 11
5747 5745 12
5745 5744 85
5745 5743 1
5743 5742 39
5743 5741 7
5741 5740 27
5741 5739 75
5739 5738 25
5739 5737 84
5737 5736 27
5737 5735 68
5735 5734 74
5735 5733 97
5733 5732 59
5733 5731 28
5731 5730 65
5731 5729 37
5729 5728 29
5729 5727 53
5727 5726 82
5727 5725 36
5725 5724 74
5725 5723 39
5723 5722 86
5723 5721 24
5721 5720 99
5721 5719 73
5719 5718 17
5719 5717 28
5717 5716 77
5717 5715 79
5715 5714 70
5715 5713 58
5713 5712 29
5713 5711 9
5711 5710 56
5711 5709 88
5709 5708 48
5709 5707 50
5707 5706 19
5707 5705 33
5705 5704 67
5705 5703 80
5703 5702 68
5703 5701 50
5701 5700 3
5701 5699 11
5699 5698 49
5699 5697 20
5697 5696 48
5697 5695 34
5695 5694 69
5695 5693 15
5693 5692 1
5693 5691 76
5691 5690 63
5691 5689 68
5689 5688 6
5689 5687 82
5687 5686 53
5687 5685 70
5685 5684 64
5685 5683 90
5683 5682 24
5683 5681 85
5681 5680 22
5681 5679 52
5679 5678 16
5679 5677 36
5677 5676 59
5677 5675 47
5675 5674 70
5675 5673 12
5673 5672 63
5673 5671 34
5671 5670 9
5671 5669 83
5669 5668 71
5669 5667 48
5667 5666 38
5667 5665 77
5665 5664 28
5665 5663 4
5663 5662 37
5663 5661 90
5661 5660 28
5661 5659 35
5659 5658 74
5659 5657 82
5657 5656 25
5657 5655 94
5655 5654 46
5655 5653 22
5653 5652 71
5653 5651 48
5651 5650 76
5651 5649 66
5649 5648 68
5649 5647 5
5647 5646 45
5647 5645 15
5645 5644 11
5645 5643 23
5643 5642 98
5643 5641 60
5641 5640 60
5641 5639 41
5639 5638 49
5639 5637 65
5637 5636 100
5637 5635 66
5635 5634 97
5635 5633 42
5633 5632 21
5633 5631 36
5631 5630 11
5631 5629 6
5629 5628 12
5629 5627 83
5627 5626 84
5627 5625 32
5625 5624 49
5625 5623 40
5623 5622 27
5623 5621 33
5621 5620 16
5621 5619 47
5619 5618 24
5619 5617 5
5617 5616 45
5617 5615 94
5615 5614 80
5615 5613 19
5613 5612 43
5613 5611 82
5611 5610 90
5611 5609 27
5609 5608 19
5609 5607 99
5607 5606 82
5607 5605 77
5605 5604 40
5605 5603 58
5603 5602 39
5603 5601 47
5601 5600 56
5601 5599 55
5599 5598 100
5599 5597 55
5597 5596 43
5597 5595 92
5595 5594 30
5595 5593 81
5593 5592 27
5593 5591 11
5591 5590 15
5591 5589 24
5589 5588 58
5589 5587 60
5587 5586 73
5587 5585 29
5585 5584 4
5585 5583 68
5583 5582 78
5583 5581 27
5581 5580 1
5581 5579 43
5579 5578 72
5579 5577 86
5577 5576 17
5577 5575 68
5575 5574 7
5575 5573 49
5573 5572 52
5573 5571 46
5571 5570 63
5571 5569 26
5569 5568 85
5569 5567 68
5567 5566 86
5567 5565 57
5565 5564 76
5565 5563 11
5563 5562 97
5563 5561 84
5561 5560 14
5561 5559 23
5559 5558 37
5559 5557 15
5557 5556 59
5557 5555 49
5555 5554 68
5555 5553 90
5553 5552 16
5553 5551 60
5551 5550 82
5551 5549 51
5549 5548 13
5549 5547 68
5547 5546 96
5547 5545 18
5545 5544 96
5545 5543 86
5543 5542 48
5543 5541 17
5541 5540 63
5541 5539 99
5539 5538 30
5539 5537 96
5537 5536 67
5537 5535 65
5535 5534 32
5535 5533 93
5533 5532 51
5533 5531 9
5531 5530 94
5531 5529 89
5529 5528 23
5529 5527 5
5527 5526 88
5527 5525 76
5525 5524 16
5525 5523 41
5523 5522 41
5523 5521 61
5521 5520 89
5521 5519 38
5519 5518 40
5519 5517 85
5517 5516 94
5517 5515 61
5515 5514 84
5515 5513 7
5513 5512 96
5513 5511 34
5511 5510 4
5511 5509 14
5509 5508 25
5509 5507 92
5507 5506 49
5507 5505 76
5505 5504 45
5505 5503 77
5503 5502 57
5503 5501 99
5501 5500 94
5501 5499 72
5499 5498 26
5499 5497 54
5497 5496 74
5497 5495 46
5495 5494 59
5495 5493 40
5493 5492 79
5493 5491 86
5491 5490 78
5491 5489 38
5489 5488 82
5489 5487 66
5487 5486 47
5487 5485 89
5485 5484 34
5485 5483 65
5483 5482 52
5483 5481 12
5481 5480 22
5481 5479 48
5479 5478 80
5479 5477 81
5477 5476 16
5477 5475 21
5475 5474 18
5475 5473 91
5473 5472 81
5473 5471 60
5471 5470 80
5471 5469 90
5469 5468 92
5469 5467 16
5467 5466 3
5467 5465 42
5465 5464 97
5465 5463 39
5463 5462 52
5463 5461 15
5461 5460 55
5461 5459 57
5459 5458 68
5459 5457 25
5457 5456 56
5457 5455 80
5455 5454 66
5455 5453 65
5453 5452 42
5453 5451 67
5451 5450 59
5451 5449 35
5449 5448 10
5449 5447 98
5447 5446 50
5447 5445 76
5445 5444 16
5445 5443 44
5443 5442 13
5443 5441 29
5441 5440 24
5441 5439 32
5439 5438 21
5439 5437 93
5437 5436 72
5437 5435 79
5435 5434 64
5435 5433 13
5433 5432 73
5433 5431 93
5431 5430 20
5431 5429 63
5429 5428 10
5429 5427 8
5427 5426 20
5427 5425 100
5425 5424 40
5425 5423 70
5423 5422 7
5423 5421 69
5421 5420 43
5421 5419 22
5419 5418 79
5419 5417 1
5417 5416 96
5417 5415 65
5415 5414 74
5415 5413 70
5413 5412 63
5413 5411 29
5411 5410 60
5411 5409 88
5409 5408 99
5409 5407 52
5407 5406 74
5407 5405 95
5405 5404 2
5405 5403 4
5403 5402 60
5403 5401 85
5401 5400 10
5401 5399 6
5399 5398 4
5399 5397 49
5397 5396 89
5397 5395 54
5395 5394 90
5395 5393 5
5393 5392 61
5393 5391 74
5391 5390 46
5391 5389 95
5389 5388 89
5389 5387 64
5387 5386 35
5387 5385 51
5385 5384 37
5385 5383 8
5383 5382 62
5383 5381 34
5381 5380 57
5381 5379 91
5379 5378 66
5379 5377 56
5377 5376 54
5377 5375 44
5375 5374 30
5375 5373 51
5373 5372 100
5373 5371 46
5371 5370 54
5371 5369 57
5369 5368 22
5369 5367 5
5367 5366 53
5367 5365 73
5365 5364 62
5365 5363 61
5363 5362 89
5363 5361 85
5361 5360 33
5361 5359 87
5359 5358 94
5359 5357 94
5357 5356 22
5357 5355 89
5355 5354 87
5355 5353 53
5353 5352 22
5353 5351 20
5351 5350 98
5351 5349 52
5349 5348 97
5349 5347 51
5347 5346 94
5347 5345 27
5345 5344 65
5345 5343 26
5343 5342 36
5343 5341 8
5341 5340 13
5341 5339 40
5339 5338 21
5339 5337 73
5337 5336 61
5337 5335 30
5335 5334 88
5335 5333 98
5333 5332 83
5333 5331 58
5331 5330 88
5331 5329 50
5329 5328 7
5329 5327 91
5327 5326 41
5327 5325 62
5325 5324 39
5325 5323 80
5323 5322 30
5323 5321 70
5321 5320 93
5321 5319 14
5319 5318 35
5319 5317 41
5317 5316 100
5317 5315 87
5315 5314 52
5315 5313 30
5313 5312 17
5313 5311 66
5311 5310 91
5311 5309 52
5309 5308 32
5309 5307 34
5307 5306 80
5307 5305 63
5305 5304 10
5305 5303 58
5303 5302 22
5303 5301 62
5301 5300 85
5301 5299 19
5299 5298 34
5299 5297 23
5297 5296 19
5297 5295 78
5295 5294 71
5295 5293 33
5293 5292 17
5293 5291 99
5291 5290 54
5291 5289 53
5289 5288 9
5289 5287 21
5287 5286 40
5287 5285 86
5285 5284 80
5285 5283 88
5283 5282 82
5283 5281 72
5281 5280 62
5281 5279 30
5279 5278 67
5279 5277 92
5277 5276 96
5277 5275 6
5275 5274 26
5275 5273 70
5273 5272 59
5273 5271 81
5271 5270 72
5271 5269 17
5269 5268 22
5269 5267 83
5267 5266 73
5267 5265 46
5265 5264 46
5265 5263 32
5263 5262 83
5263 5261 71
5261 5260 67
5261 5259 66
5259 5258 39
5259 5257 60
5257 5256 21
5257 5255 25
5255 5254 99
5255 5253 37
5253 5252 58
5253 5251 5
5251 5250 92
5251 5249 77
5249 5248 86
5249 5247 65
5247 5246 30
5247 5245 46
5245 5244 29
5245 5243 31
5243 5242 86
5243 5241 90
5241 5240 52
5241 5239 47
5239 5238 66
5239 5237 70
5237 5236 33
5237 5235 32
5235 5234 37
5235 5233 60
5233 5232 46
5233 5231 74
5231 5230 44
5231 5229 74
5229 5228 66
5229 5227 56
5227 5226 67
5227 5225 28
5225 5224 81
5225 5223 33
5223 5222 23
5223 5221 29
5221 5220 77
5221 5219 30
5219 5218 35
5219 5217 60
5217 5216 98
5217 5215 78
5215 5214 31
5215 5213 52
5213 5212 21
5213 5211 17
5211 5210 39
5211 5209 100
5209 5208 79
5209 5207 90
5207 5206 96
5207 5205 99
5205 5204 36
5205 5203 27
5203 5202 13
5203 5201 95
5201 5200 40
5201 5199 88
5199 5198 92
5199 5197 30
5197 5196 59
5197 5195 88
5195 5194 62
5195 5193 14
5193 5192 74
5193 5191 51
5191 5190 92
5191 5189 53
5189 5188 17
5189 5187 65
5187 5186 96
5187 5185 79
5185 5184 55
5185 5183 1
5183 5182 1
5183 5181 43
5181 5180 100
5181 5179 81
5179 5178 69
5179 5177 50
5177 5176 28
5177 5175 100
5175 5174 75
5175 5173 12
5173 5172 56
5173 5171 66
5171 5170 16
5171 5169 47
5169 5168 43
5169 5167 100
5167 5166 59
5167 5165 45
5165 5164 14
5165 5163 64
5163 5162 55
5163 5161 46
5161 5160 76
5161 5159 23
5159 5158 96
5159 5157 1
5157 5156 12
5157 5155 74
5155 5154 86
5155 5153 22
5153 5152 70
5153 5151 37
5151 5150 47
5151 5149 56
5149 5148 51
5149 5147 48
5147 5146 9
5147 5145 80
5145 5144 70
5145 5143 38
5143 5142 3
5143 5141 88
5141 5140 43
5141 5139 84
5139 5138 69
5139 5137 65
5137 5136 18
5137 5135 75
5135 5134 11
5135 5133 83
5133 5132 26
5133 5131 13
5131 5130 20
5131 5129 39
5129 5128 91
5129 5127 28
5127 5126 11
5127 5125 23
5125 5124 18
5125 5123 36
5123 5122 51
5123 5121 7
5121 5120 92
5121 5119 48
5119 5118 73
5119 5117 84
5117 5116 83
5117 5115 92
5115 5114 44
5115 5113 55
5113 5112 87
5113 5111 78
5111 5110 39
5111 5109 22
5109 5108 51
5109 5107 47
5107 5106 98
5107 5105 33
5105 5104 57
5105 5103 47
5103 5102 96
5103 5101 98
5101 5100 54
5101 5099 84
5099 5098 9
5099 5097 3
5097 5096 65
5097 5095 72
5095 5094 87
5095 5093 98
5093 5092 45
5093 5091 96
5091 5090 6
5091 5089 10
5089 5088 13
5089 5087 1
5087 5086 24
5087 5085 36
5085 5084 2
5085 5083 45
5083 5082 7
5083 5081 21
5081 5080 55
5081 5079 96
5079 5078 30
5079 5077 32
5077 5076 65
5077 5075 4
5075 5074 43
5075 5073 62
5073 5072 50
5073 5071 46
5071 5070 57
5071 5069 61
5069 5068 88
5069 5067 80
5067 5066 84
5067 5065 86
5065 5064 21
5065 5063 11
5063 5062 95
5063 5061 65
5061 5060 45
5061 5059 68
5059 5058 54
5059 5057 13
5057 5056 80
5057 5055 23
5055 5054 81
5055 5053 20
5053 5052 59
5053 5051 49
5051 5050 75
5051 5049 69
5049 5048 77
5049 5047 1
5047 5046 75
5047 5045 26
5045 5044 35
5045 5043 17
5043 5042 95
5043 5041 40
5041 5040 13
5041 5039 85
5039 5038 97
5039 5037 60
5037 5036 88
5037 5035 98
5035 5034 20
5035 5033 88
5033 5032 74
5033 5031 24
5031 5030 11
5031 5029 47
5029 5028 56
5029 5027 69
5027 5026 10
5027 5025 24
5025 5024 36
5025 5023 34
5023 5022 14
5023 5021 99
5021 5020 10
5021 5019 67
5019 5018 5
5019 5017 19
5017 5016 87
5017 5015 13
5015 5014 32
5015 5013 2
5013 5012 48
5013 5011 61
5011 5010 57
5011 5009 28
5009 5008 44
5009 5007 13
5007 5006 18
5007 5005 53
5005 5004 61
5005 5003 63
5003 5002 6
5003 5001 2
5001 5000 95
5001 4999 45
4999 4998 74
4999 4997 44
4997 4996 30
4997 4995 10
4995 4994 50
4995 4993 54
4993 4992 4
4993 4991 96
4991 4990 74
4991 4989 52
4989 4988 45
4989 4987 46
4987 4986 94
4987 4985 65
4985 4984 33
4985 4983 28
4983 4982 70
4983 4981 32
4981 4980 62
4981 4979 34
4979 4978 88
4979 4977 94
4977 4976 74
4977 4975 78
4975 4974 20
4975 4973 36
4973 4972 46
4973 4971 51
4971 4970 55
4971 4969 88
4969 4968 3
4969 4967 18
4967 4966 17
4967 4965 33
4965 4964 98
4965 4963 39
4963 4962 21
4963 4961 69
4961 4960 91
4961 4959 97
4959 4958 21
4959 4957 99
4957 4956 87
4957 4955 85
4955 4954 80
4955 4953 31
4953 4952 41
4953 4951 40
4951 4950 91
4951 4949 39
4949 4948 10
4949 4947 13
4947 4946 98
4947 4945 86
4945 4944 63
4945 4943 47
4943 4942 34
4943 4941 35
4941 4940 89
4941 4939 73
4939 4938 74
4939 4937 24
4937 4936 94
4937 4935 13
4935 4934 46
4935 4933 19
4933 4932 82
4933 4931 46
4931 4930 16
4931 4929 65
4929 4928 91
4929 4927 11
4927 4926 48
4927 4925 73
4925 4924 39
4925 4923 92
4923 4922 86
4923 4921 70
4921 4920 67
4921 4919 40
4919 4918 65
4919 4917 18
4917 4916 46
4917 4915 80
4915 4914 28
4915 4913 34
4913 4912 13
4913 4911 3
4911 4910 50
4911 4909 82
4909 4908 86
4909 4907 39
4907 4906 63
4907 4905 3
4905 4904 1
4905 4903 66
4903 4902 45
4903 4901 96
4901 4900 13
4901 4899 7
4899 4898 52
4899 4897 8
4897 4896 73
4897 4895 70
4895 4894 32
4895 4893 57
4893 4892 97
4893 4891 61
4891 4890 99
4891 4889 63
4889 4888 14
4889 4887 43
4887 4886 77
4887 4885 79
4885 4884 93
4885 4883 78
4883 4882 23
4883 4881 72
4881 4880 11
4881 4879 4
4879 4878 20
4879 4877 99
4877 4876 36
4877 4875 13
4875 4874 89
4875 4873 90
4873 4872 17
4873 4871 68
4871 4870 76
4871 4869 39
4869 4868 75
4869 4867 64
4867 4866 7
4867 4865 74
4865 4864 82
4865 4863 95
4863 4862 7
4863 4861 100
4861 4860 87
4861 4859 71
4859 4858 30
4859 4857 13
4857 4856 40
4857 4855 44
4855 4854 40
4855 4853 58
4853 4852 5
4853 4851 13
4851 4850 95
4851 4849 29
4849 4848 1
4849 4847 43
4847 4846 39
4847 4845 89
4845 4844 13
4845 4843 86
4843 4842 18
4843 4841 17
4841 4840 68
4841 4839 49
4839 4838 19
4839 4837 56
4837 4836 26
4837 4835 65
4835 4834 13
4835 4833 25
4833 4832 14
4833 4831 27
4831 4830 56
4831 4829 84
4829 4828 68
4829 4827 70
4827 4826 90
4827 4825 77
4825 4824 9
4825 4823 74
4823 4822 55
4823 4821 94
4821 4820 87
4821 4819 6
4819 4818 47
4819 4817 87
4817 4816 65
4817 4815 17
4815 4814 17
4815 4813 12
4813 4812 78
4813 4811 53
4811 4810 85
4811 4809 99
4809 4808 93
4809 4807 17
4807 4806 31
4807 4805 100
4805 4804 2
4805 4803 5
4803 4802 91
4803 4801 21
4801 4800 40
4801 4799 65
4799 4798 87
4799 4797 84
4797 4796 87
4797 4795 19
4795 4794 90
4795 4793 12
4793 4792 44
4793 4791 24
4791 4790 51
4791 4789 9
4789 4788 61
4789 4787 47
4787 4786 61
4787 4785 29
4785 4784 91
4785 4783 11
4783 4782 18
4783 4781 78
4781 4780 12
4781 4779 16
4779 4778 83
4779 4777 83
4777 4776 27
4777 4775 10
4775 4774 63
4775 4773 16
4773 4772 37
4773 4771 18
4771 4770 83
4771 4769 57
4769 4768 47
4769 4767 11
4767 4766 73
4767 4765 7
4765 4764 12
4765 4763 15
4763 4762 81
4763 4761 32
4761 4760 83
4761 4759 18
4759 4758 9
4759 4757 19
4757 4756 65
4757 4755 55
4755 4754 78
4755 4753 53
4753 4752 17
4753 4751 62
4751 4750 97
4751 4749 35
4749 4748 46
4749 4747 8
4747 4746 33
4747 4745 35
4745 4744 37
4745 4743 8
4743 4742 25
4743 4741 90
4741 4740 91
4741 4739 79
4739 4738 93
4739 4737 47
4737 4736 78
4737 4735 88
4735 4734 31
4735 4733 15
4733 4732 4
4733 4731 29
4731 4730 70
4731 4729 89
4729 4728 74
4729 4727 21
4727 4726 22
4727 4725 3
4725 4724 12
4725 4723 48
4723 4722 75
4723 4721 24
4721 4720 22
4721 4719 82
4719 4718 84
4719 4717 61
4717 4716 45
4717 4715 58
4715 4714 62
4715 4713 51
4713 4712 22
4713 4711 22
4711 4710 40
4711 4709 77
4709 4708 38
4709 4707 36
4707 4706 98
4707 4705 86
4705 4704 71
4705 4703 36
4703 4702 47
4703 4701 69
4701 4700 16
4701 4699 78
4699 4698 48
4699 4697 93
4697 4696 71
4697 4695 86
4695 4694 82
4695 4693 95
4693 4692 52
4693 4691 75
4691 4690 56
4691 4689 4
4689 4688 38
4689 4687 42
4687 4686 88
4687 4685 92
4685 4684 34
4685 4683 57
4683 4682 6
4683 4681 35
4681 4680 1
4681 4679 39
4679 4678 100
4679 4677 89
4677 4676 54
4677 4675 75
4675 4674 4
4675 4673 55
4673 4672 95
4673 4671 29
4671 4670 44
4671 4669 10
4669 4668 31
4669 4667 3
4667 4666 79
4667 4665 79
4665 4664 99
4665 4663 91
4663 4662 68
4663 4661 19
4661 4660 24
4661 4659 14
4659 4658 56
4659 4657 73
4657 4656 35
4657 4655 5
4655 4654 77
4655 4653 54
4653 4652 1
4653 4651 50
4651 4650 31
4651 4649 16
4649 4648 82
4649 4647 45
4647 4646 59
4647 4645 7
4645 4644 98
4645 4643 36
4643 4642 10
4643 4641 22
4641 4640 31
4641 4639 70
4639 4638 9
4639 4637 91
4637 4636 10
4637 4635 66
4635 4634 56
4635 4633 54
4633 4632 74
4633 4631 23
4631 4630 67
4631 4629 94
4629 4628 70
4629 4627 32
4627 4626 65
4627 4625 80
4625 4624 85
4625 4623 49
4623 4622 97
4623 4621 63
4621 4620 41
4621 4619 58
4619 4618 97
4619 4617 77
4617 4616 51
4617 4615 63
4615 4614 25
4615 4613 16
4613 4612 75
4613 4611 41
4611 4610 64
4611 4609 89
4609 4608 28
4609 4607 3
4607 4606 94
4607 4605 41
4605 4604 58
4605 4603 30
4603 4602 32
4603 4601 98
4601 4600 30
4601 4599 5
4599 4598 50
4599 4597 30
4597 4596 79
4597 4595 43
4595 4594 24
4595 4593 97
4593 4592 81
4593 4591 91
4591 4590 41
4591 4589 25
4589 4588 61
4589 4587 21
4587 4586 3
4587 4585 7
4585 4584 10
4585 4583 70
4583 4582 32
4583 4581 94
4581 4580 55
4581 4579 38
4579 4578 76
4579 4577 81
4577 4576 59
4577 4575 78
4575 4574 32
4575 4573 32
4573 4572 1
4573 4571 94
4571 4570 68
4571 4569 49
4569 4568 40
4569 4567 60
4567 4566 40
4567 4565 16
4565 4564 49
4565 4563 52
4563 4562 10
4563 4561 3
4561 4560 85
4561 4559 4
4559 4558 65
4559 4557 91
4557 4556 79
4557 4555 82
4555 4554 11
4555 4553 19
4553 4552 28
4553 4551 66
4551 4550 27
4551 4549 92
4549 4548 31
4549 4547 90
4547 4546 13
4547 4545 81
4545 4544 44
4545 4543 19
4543 4542 80
4543 4541 52
4541 4540 3
4541 4539 90
4539 4538 81
4539 4537 15
4537 4536 35
4537 4535 87
4535 4534 48
4535 4533 24
4533 4532 90
4533 4531 13
4531 4530 35
4531 4529 14
4529 4528 13
4529 4527 65
4527 4526 76
4527 4525 25
4525 4524 35
4525 4523 35
4523 4522 17
4523 4521 97
4521 4520 47
4521 4519 97
4519 4518 18
4519 4517 65
4517 4516 82
4517 4515 47
4515 4514 91
4515 4513 45
4513 4512 14
4513 4511 92
4511 4510 4
4511 4509 38
4509 4508 9
4509 4507 12
4507 4506 56
4507 4505 89
4505 4504 31
4505 4503 66
4503 4502 41
4503 4501 56
4501 4500 3
4501 4499 8
4499 4498 22
4499 4497 67
4497 4496 54
4497 4495 95
4495 4494 20
4495 4493 89
4493 4492 84
4493 4491 4
4491 4490 87
4491 4489 36
4489 4488 34
4489 4487 88
4487 4486 92
4487 4485 25
4485 4484 80
4485 4483 36
4483 4482 60
4483 4481 72
4481 4480 19
4481 4479 28
4479 4478 24
4479 4477 6
4477 4476 72
4477 4475 95
4475 4474 38
4475 4473 80
4473 4472 3
4473 4471 22
4471 4470 50
4471 4469 97
4469 4468 46
4469 4467 54
4467 4466 42
4467 4465 2
4465 4464 10
4465 4463 90
4463 4462 77
4463 4461 55
4461 4460 41
4461 4459 48
4459 4458 21
4459 4457 15
4457 4456 53
4457 4455 35
4455 4454 34
4455 4453 41
4453 4452 63
4453 4451 17
4451 4450 63
4451 4449 88
4449 4448 44
4449 4447 50
4447 4446 21
4447 4445 75
4445 4444 58
4445 4443 23
4443 4442 69
4443 4441 31
4441 4440 6
4441 4439 100
4439 4438 21
4439 4437 7
4437 4436 26
4437 4435 61
4435 4434 21
4435 4433 43
4433 4432 61
4433 4431 61
4431 4430 45
4431 4429 73
4429 4428 28
4429 4427 98
4427 4426 46
4427 4425 29
4425 4424 97
4425 4423 20
4423 4422 90
4423 4421 66
4421 4420 55
4421 4419 64
4419 4418 23
4419 4417 84
4417 4416 99
4417 4415 58
4415 4414 4
4415 4413 32
4413 4412 98
4413 4411 77
4411 4410 8
4411 4409 20
4409 4408 94
4409 4407 18
4407 4406 91
4407 4405 89
4405 4404 45
4405 4403 36
4403 4402 60
4403 4401 28
4401 4400 93
4401 4399 67
4399 4398 21
4399 4397 39
4397 4396 5
4397 4395 84
4395 4394 72
4395 4393 4
4393 4392 7
4393 4391 59
4391 4390 96
4391 4389 14
4389 4388 94
4389 4387 97
4387 4386 92
4387 4385 21
4385 4384 50
4385 4383 15
4383 4382 70
4383 4381 44
4381 4380 16
4381 4379 82
4379 4378 58
4379 4377 38
4377 4376 26
4377 4375 35
4375 4374 21
4375 4373 77
4373 4372 88
4373 4371 57
4371 4370 4
4371 4369 11
4369 4368 6
4369 4367 35
4367 4366 70
4367 4365 95
4365 4364 79
4365 4363 87
4363 4362 30
4363 4361 73
4361 4360 24
4361 4359 51
4359 4358 26
4359 4357 9
4357 4356 80
4357 4355 66
4355 4354 28
4355 4353 91
4353 4352 37
4353 4351 51
4351 4350 76
4351 4349 94
4349 4348 70
4349 4347 73
4347 4346 30
4347 4345 20
4345 4344 7
4345 4343 30
4343 4342 92
4343 4341 63
4341 4340 29
4341 4339 89
4339 4338 85
4339 4337 53
4337 4336 62
4337 4335 59
4335 4334 56
4335 4333 48
4333 4332 84
4333 4331 28
4331 4330 80
4331 4329 49
4329 4328 89
4329 4327 22
4327 4326 32
4327 4325 40
4325 4324 80
4325 4323 99
4323 4322 83
4323 4321 100
4321 4320 11
4321 4319 61
4319 4318 77
4319 4317 1
4317 4316 95
4317 4315 59
4315 4314 99
4315 4313 49
4313 4312 42
4313 4311 30
4311 4310 65
4311 4309 89
4309 4308 71
4309 4307 22
4307 4306 45
4307 4305 48
4305 4304 56
4305 4303 68
4303 4302 1
4303 4301 58
4301 4300 73
4301 4299 66
4299 4298 69
4299 4297 40
4297 4296 88
4297 4295 76
4295 4294 75
4295 4293 92
4293 4292 99
4293 4291 23
4291 4290 47
4291 4289 73
4289 4288 95
4289 4287 48
4287 4286 78
4287 4285 63
4285 4284 10
4285 4283 25
4283 4282 20
4283 4281 81
4281 4280 18
4281 4279 86
4279 4278 89
4279 4277 84
4277 4276 44
4277 4275 67
4275 4274 33
4275 4273 87
4273 4272 79
4273 4271 27
4271 4270 33
4271 4269 55
4269 4268 83
4269 4267 70
4267 4266 71
4267 4265 4
4265 4264 76
4265 4263 92
4263 4262 26
4263 4261 66
4261 4260 71
4261 4259 40
4259 4258 59
4259 4257 17
4257 4256 20
4257 4255 16
4255 4254 43
4255 4253 89
4253 4252 87
4253 4251 5
4251 4250 88
4251 4249 63
4249 4248 36
4249 4247 74
4247 4246 37
4247 4245 53
4245 4244 49
4245 4243 70
4243 4242 82
4243 4241 5
4241 4240 43
4241 4239 16
4239 4238 95
4239 4237 15
4237 4236 30
4237 4235 1
4235 4234 74
4235 4233 10
4233 4232 60
4233 4231 12
4231 4230 75
4231 4229 43
4229 4228 21
4229 4227 89
4227 4226 30
4227 4225 76
4225 4224 29
4225 4223 19
4223 4222 24
4223 4221 17
4221 4220 19
4221 4219 6
4219 4218 30
4219 4217 68
4217 4216 40
4217 4215 44
4215 4214 77
4215 4213 75
4213 4212 4
4213 4211 60
4211 4210 93
4211 4209 40
4209 4208 35
4209 4207 2
4207 4206 69
4207 4205 92
4205 4204 80
4205 4203 47
4203 4202 40
4203 4201 27
4201 4200 63
4201 4199 20
4199 4198 29
4199 4197 42
4197 4196 48
4197 4195 26
4195 4194 52
4195 4193 41
4193 4192 77
4193 4191 17
4191 4190 23
4191 4189 33
4189 4188 31
4189 4187 51
4187 4186 33
4187 4185 61
4185 4184 88
4185 4183 78
4183 4182 29
4183 4181 7
4181 4180 91
4181 4179 3
4179 4178 43
4179 4177 22
4177 4176 20
4177 4175 4
4175 4174 67
4175 4173 10
4173 4172 37
4173 4171 15
4171 4170 73
4171 4169 99
4169 4168 89
4169 4167 26
4167 4166 60
4167 4165 88
4165 4164 84
4165 4163 81
4163 4162 23
4163 4161 6
4161 4160 10
4161 4159 48
4159 4158 47
4159 4157 26
4157 4156 66
4157 4155 60
4155 4154 45
4155 4153 32
4153 4152 13
4153 4151 77
4151 4150 38
4151 4149 22
4149 4148 35
4149 4147 6
4147 4146 63
4147 4145 15
4145 4144 39
4145 4143 65
4143 4142 88
4143 4141 15
4141 4140 44
4141 4139 59
4139 4138 84
4139 4137 25
4137 4136 55
4137 4135 98
4135 4134 98
4135 4133 18
4133 4132 31
4133 4131 2
4131 4130 70
4131 4129 43
4129 4128 37
4129 4127 79
4127 4126 44
4127 4125 57
4125 4124 5
4125 4123 15
4123 4122 95
4123 4121 57
4121 4120 43
4121 4119 83
4119 4118 12
4119 4117 96
4117 4116 46
4117 4115 19
4115 4114 70
4115 4113 3
4113 4112 75
4113 4111 12
4111 4110 31
4111 4109 59
4109 4108 64
4109 4107 79
4107 4106 15
4107 4105 96
4105 4104 82
4105 4103 75
4103 4102 7
4103 4101 37
4101 4100 77
4101 4099 83
4099 4098 1
4099 4097 18
4097 4096 47
4097 4095 38
4095 4094 7
4095 4093 39
4093 4092 77
4093 4091 47
4091 4090 60
4091 4089 13
4089 4088 100
4089 4087 95
4087 4086 38
4087 4085 35
4085 4084 27
4085 4083 31
4083 4082 90
4083 4081 45
4081 4080 10
4081 4079 3
4079 4078 82
4079 4077 44
4077 4076 24
4077 4075 90
4075 4074 62
4075 4073 43
4073 4072 80
4073 4071 59
4071 4070 65
4071 4069 30
4069 4068 48
4069 4067 80
4067 4066 70
4067 4065 31
4065 4064 32
4065 4063 99
4063 4062 85
4063 4061 93
4061 4060 40
4061 4059 68
4059 4058 1
4059 4057 38
4057 4056 52
4057 4055 76
4055 4054 95
4055 4053 67
4053 4052 100
4053 4051 76
4051 4050 89
4051 4049 64
4049 4048 51
4049 4047 71
4047 4046 93
4047 4045 53
4045 4044 54
4045 4043 31
4043 4042 55
4043 4041 40
4041 4040 76
4041 4039 46
4039 4038 71
4039 4037 3
4037 4036 36
4037 4035 72
4035 4034 68
4035 4033 56
4033 4032 55
4033 4031 54
4031 4030 52
4031 4029 87
4029 4028 86
4029 4027 64
4027 4026 39
4027 4025 28
4025 4024 22
4025 4023 54
4023 4022 6
4023 4021 59
4021 4020 94
4021 4019 53
4019 4018 35
4019 4017 68
4017 4016 86
4017 4015 97
4015 4014 6
4015 4013 10
4013 4012 22
4013 4011 13
4011 4010 94
4011 4009 23
4009 4008 21
4009 4007 38
4007 4006 73
4007 4005 44
4005 4004 28
4005 4003 60
4003 4002 55
4003 4001 62
4001 4000 39
4001 3999 25
3999 3998 55
3999 3997 24
3997 3996 32
3997 3995 78
3995 3994 55
3995 3993 60
3993 3992 24
3993 3991 58
3991 3990 85
3991 3989 90
3989 3988 55
3989 3987 100
3987 3986 23
3987 3985 42
3985 3984 41
3985 3983 57
3983 3982 2
3983 3981 29
3981 3980 47
3981 3979 86
3979 3978 93
3979 3977 27
3977 3976 18
3977 3975 63
3975 3974 30
3975 3973 82
3973 3972 53
3973 3971 86
3971 3970 73
3971 3969 29
3969 3968 59
3969 3967 27
3967 3966 65
3967 3965 100
3965 3964 31
3965 3963 73
3963 3962 98
3963 3961 88
3961 3960 54
3961 3959 53
3959 3958 25
3959 3957 30
3957 3956 69
3957 3955 82
3955 3954 56
3955 3953 58
3953 3952 75
3953 3951 14
3951 3950 78
3951 3949 54
3949 3948 84
3949 3947 78
3947 3946 80
3947 3945 19
3945 3944 30
3945 3943 44
3943 3942 87
3943 3941 74
3941 3940 49
3941 3939 11
3939 3938 97
3939 3937 58
3937 3936 58
3937 3935 92
3935 3934 77
3935 3933 72
3933 3932 45
3933 3931 8
3931 3930 46
3931 3929 23
3929 3928 34
3929 3927 88
3927 3926 52
3927 3925 51
3925 3924 29
3925 3923 65
3923 3922 40
3923 3921 40
3921 3920 64
3921 3919 31
3919 3918 29
3919 3917 43
3917 3916 75
3917 3915 99
3915 3914 13
3915 3913 98
3913 3912 16
3913 3911 56
3911 3910 14
3911 3909 66
3909 3908 93
3909 3907 66
3907 3906 51
3907 3905 80
3905 3904 34
3905 3903 78
3903 3902 51
3903 3901 28
3901 3900 9
3901 3899 11
3899 3898 42
3899 3897 49
3897 3896 44
3897 3895 52
3895 3894 12
3895 3893 91
3893 3892 1
3893 3891 28
3891 3890 11
3891 3889 90
3889 3888 50
3889 3887 43
3887 3886 48
3887 3885 60
3885 3884 36
3885 3883 66
3883 3882 60
3883 3881 50
3881 3880 8
3881 3879 93
3879 3878 99
3879 3877 97
3877 3876 8
3877 3875 35
3875 3874 61
3875 3873 61
3873 3872 59
3873 3871 40
3871 3870 85
3871 3869 15
3869 3868 95
3869 3867 48
3867 3866 85
3867 3865 72
3865 3864 3
3865 3863 71
3863 3862 38
3863 3861 83
3861 3860 96
3861 3859 93
3859 3858 13
3859 3857 58
3857 3856 40
3857 3855 65
3855 3854 52
3855 3853 7
3853 3852 98
3853 3851 4
3851 3850 24
3851 3849 7
3849 3848 32
3849 3847 78
3847 3846 8
3847 3845 42
3845 3844 90
3845 3843 16
3843 3842 78
3843 3841 61
3841 3840 61
3841 3839 70
3839 3838 46
3839 3837 39
3837 3836 37
3837 3835 98
3835 3834 42
3835 3833 43
3833 3832 57
3833 3831 84
3831 3830 15
3831 3829 44
3829 3828 4
3829 3827 5
3827 3826 30
3827 3825 1
3825 3824 6
3825 3823 75
3823 3822 8
3823 3821 31
3821 3820 23
3821 3819 53
3819 3818 7
3819 3817 89
3817 3816 98
3817 3815 48
3815 3814 21
3815 3813 64
3813 3812 9
3813 3811 65
3811 3810 65
3811 3809 38
3809 3808 25
3809 3807 2
3807 3806 49
3807 3805 49
3805 3804 54
3805 3803 29
3803 3802 28
3803 3801 18
3801 3800 98
3801 3799 62
3799 3798 64
3799 3797 53
3797 3796 26
3797 3795 2
3795 3794 96
3795 3793 45
3793 3792 78
3793 3791 34
3791 3790 33
3791 3789 44
3789 3788 44
3789 3787 100
3787 3786 25
3787 3785 80
3785 3784 7
3785 3783 95
3783 3782 83
3783 3781 83
3781 3780 1
3781 3779 61
3779 3778 98
3779 3777 32
3777 3776 3
3777 3775 24
3775 3774 85
3775 3773 15
3773 3772 97
3773 3771 62
3771 3770 98
3771 3769 35
3769 3768 93
3769 3767 57
3767 3766 86
3767 3765 11
3765 3764 68
3765 3763 7
3763 3762 53
3763 3761 93
3761 3760 24
3761 3759 35
3759 3758 8
3759 3757 41
3757 3756 6
3757 3755 31
3755 3754 32
3755 3753 74
3753 3752 17
3753 3751 25
3751 3750 41
3751 3749 61
3749 3748 64
3749 3747 45
3747 3746 3
3747 3745 70
3745 3744 22
3745 3743 53
3743 3742 42
3743 3741 32
3741 3740 82
3741 3739 42
3739 3738 63
3739 3737 73
3737 3736 20
3737 3735 26
3735 3734 2
3735 3733 91
3733 3732 9
3733 3731 10
3731 3730 83
3731 3729 100
3729 3728 70
3729 3727 26
3727 3726 49
3727 3725 11
3725 3724 61
3725 3723 30
3723 3722 48
3723 3721 77
3721 3720 60
3721 3719 23
3719 3718 37
3719 3717 13
3717 3716 22
3717 3715 7
3715 3714 16
3715 3713 74
3713 3712 69
3713 3711 23
3711 3710 90
3711 3709 18
3709 3708 18
3709 3707 95
3707 3706 26
3707 3705 67
3705 3704 19
3705 3703 26
3703 3702 81
3703 3701 44
3701 3700 75
3701 3699 8
3699 3698 34
3699 3697 37
3697 3696 3
3697 3695 59
3695 3694 78
3695 3693 80
3693 3692 59
3693 3691 72
3691 3690 51
3691 3689 55
3689 3688 45
3689 3687 45
3687 3686 78
3687 3685 22
3685 3684 98
3685 3683 64
3683 3682 34
3683 3681 91
3681 3680 2
3681 3679 98
3679 3678 87
3679 3677 22
3677 3676 55
3677 3675 97
3675 3674 50
3675 3673 29
3673 3672 32
3673 3671 15
3671 3670 27
3671 3669 31
3669 3668 75
3669 3667 31
3667 3666 13
3667 3665 71
3665 3664 99
3665 3663 47
3663 3662 95
3663 3661 56
3661 3660 60
3661 3659 96
3659 3658 45
3659 3657 28
3657 3656 12
3657 3655 29
3655 3654 36
3655 3653 39
3653 3652 81
3653 3651 55
3651 3650 10
3651 3649 30
3649 3648 18
3649 3647 15
3647 3646 59
3647 3645 73
3645 3644 21
3645 3643 10
3643 3642 71
3643 3641 37
3641 3640 27
3641 3639 7
3639 3638 87
3639 3637 93
3637 3636 31
3637 3635 94
3635 3634 27
3635 3633 9
3633 3632 32
3633 3631 61
3631 3630 15
3631 3629 96
3629 3628 68
3629 3627 25
3627 3626 56
3627 3625 83
3625 3624 97
3625 3623 55
3623 3622 85
3623 3621 44
3621 3620 93
3621 3619 4
3619 3618 91
3619 3617 23
3617 3616 50
3617 3615 17
3615 3614 98
3615 3613 88
3613 3612 36
3613 3611 49
3611 3610 26
3611 3609 43
3609 3608 3
3609 3607 39
3607 3606 88
3607 3605 37
3605 3604 45
3605 3603 51
3603 3602 15
3603 3601 46
3601 3600 97
3601 3599 10
3599 3598 76
3599 3597 31
3597 3596 71
3597 3595 65
3595 3594 92
3595 3593 63
3593 3592 61
3593 3591 6
3591 3590 5
3591 3589 67
3589 3588 83
3589 3587 77
3587 3586 14
3587 3585 100
3585 3584 82
3585 3583 10
3583 3582 28
3583 3581 96
3581 3580 4
3581 3579 61
3579 3578 76
3579 3577 49
3577 3576 18
3577 3575 85
3575 3574 65
3575 3573 44
3573 3572 30
3573 3571 71
3571 3570 75
3571 3569 85
3569 3568 6
3569 3567 68
3567 3566 91
3567 3565 59
3565 3564 39
3565 3563 52
3563 3562 32
3563 3561 6
3561 3560 5
3561 3559 64
3559 3558 42
3559 3557 42
3557 3556 78
3557 3555 82
3555 3554 60
3555 3553 50
3553 3552 58
3553 3551 85
3551 3550 1
3551 3549 77
3549 3548 15
3549 3547 9
3547 3546 10
3547 3545 94
3545 3544 72
3545 3543 21
3543 3542 5
3543 3541 3
3541 3540 84
3541 3539 12
3539 3538 64
3539 3537 77
3537 3536 37
3537 3535 77
3535 3534 1
3535 3533 79
3533 3532 49
3533 3531 21
3531 3530 34
3531 3529 45
3529 3528 63
3529 3527 21
3527 3526 59
3527 3525 91
3525 3524 78
3525 3523 74
3523 3522 72
3523 3521 28
3521 3520 95
3521 3519 77
3519 3518 39
3519 3517 11
3517 3516 5
3517 3515 49
3515 3514 97
3515 3513 97
3513 3512 4
3513 3511 84
3511 3510 31
3511 3509 2
3509 3508 14
3509 3507 5
3507 3506 79
3507 3505 66
3505 3504 10
3505 3503 21
3503 3502 65
3503 3501 23
3501 3500 97
3501 3499 66
3499 3498 46
3499 3497 21
3497 3496 38
3497 3495 72
3495 3494 68
3495 3493 26
3493 3492 45
3493 3491 42
3491 3490 83
3491 3489 82
3489 3488 72
3489 3487 30
3487 3486 61
3487 3485 63
3485 3484 43
3485 3483 43
3483 3482 54
3483 3481 22
3481 3480 84
3481 3479 30
3479 3478 98
3479 3477 15
3477 3476 34
3477 3475 56
3475 3474 92
3475 3473 25
3473 3472 95
3473 3471 64
3471 3470 79
3471 3469 1
3469 3468 74
3469 3467 47
3467 3466 50
3467 3465 14
3465 3464 49
3465 3463 67
3463 3462 12
3463 3461 47
3461 3460 51
3461 3459 64
3459 3458 46
3459 3457 19
3457 3456 86
3457 3455 86
3455 3454 74
3455 3453 49
3453 3452 26
3453 3451 70
3451 3450 82
3451 3449 43
3449 3448 76
3449 3447 35
3447 3446 97
3447 3445 83
3445 3444 9
3445 3443 90
3443 3442 21
3443 3441 3
3441 3440 43
3441 3439 3
3439 3438 2
3439 3437 17
3437 3436 55
3437 3435 51
3435 3434 82
3435 3433 39
3433 3432 28
3433 3431 66
3431 3430 20
3431 3429 46
3429 3428 26
3429 3427 21
3427 3426 11
3427 3425 81
3425 3424 63
3425 3423 81
3423 3422 70
3423 3421 16
3421 3420 16
3421 3419 14
3419 3418 71
3419 3417 51
3417 3416 11
3417 3415 57
3415 3414 82
3415 3413 7
3413 3412 5
3413 3411 17
3411 3410 51
3411 3409 57
3409 3408 6
3409 3407 58
3407 3406 61
3407 3405 89
3405 3404 26
3405 3403 17
3403 3402 61
3403 3401 47
3401 3400 48
3401 3399 91
3399 3398 42
3399 3397 17
3397 3396 14
3397 3395 100
3395 3394 18
3395 3393 27
3393 3392 65
3393 3391 5
3391 3390 46
3391 3389 91
3389 3388 68
3389 3387 96
3387 3386 56
3387 3385 6
3385 3384 59
3385 3383 91
3383 3382 2
3383 3381 86
3381 3380 20
3381 3379 84
3379 3378 31
3379 3377 8
3377 3376 38
3377 3375 36
3375 3374 74
3375 3373 37
3373 3372 67
3373 3371 19
3371 3370 41
3371 3369 92
3369 3368 21
3369 3367 90
3367 3366 46
3367 3365 67
3365 3364 38
3365 3363 33
3363 3362 53
3363 3361 50
3361 3360 25
3361 3359 21
3359 3358 91
3359 3357 41
3357 3356 78
3357 3355 9
3355 3354 60
3355 3353 86
3353 3352 67
3353 3351 67
3351 3350 99
3351 3349 72
3349 3348 75
3349 3347 13
3347 3346 57
3347 3345 33
3345 3344 63
3345 3343 75
3343 3342 1
3343 3341 63
3341 3340 37
3341 3339 50
3339 3338 69
3339 3337 2
3337 3336 43
3337 3335 42
3335 3334 50
3335 3333 71
3333 3332 71
3333 3331 2
3331 3330 35
3331 3329 14
3329 3328 56
3329 3327 77
3327 3326 67
3327 3325 45
3325 3324 4
3325 3323 60
3323 3322 54
3323 3321 42
3321 3320 68
3321 3319 91
3319 3318 7
3319 3317 92
3317 3316 8
3317 3315 41
3315 3314 96
3315 3313 33
3313 3312 46
3313 3311 4
3311 3310 1
3311 3309 6
3309 3308 6
3309 3307 19
3307 3306 25
3307 3305 16
3305 3304 68
3305 3303 45
3303 3302 30
3303 3301 73
3301 3300 87
3301 3299 95
3299 3298 19
3299 3297 1
3297 3296 58
3297 3295 91
3295 3294 85
3295 3293 74
3293 3292 49
3293 3291 18
3291 3290 25
3291 3289 54
3289 3288 27
3289 3287 91
3287 3286 50
3287 3285 77
3285 3284 70
3285 3283 94
3283 3282 27
3283 3281 50
3281 3280 33
3281 3279 16
3279 3278 16
3279 3277 18
3277 3276 19
3277 3275 85
3275 3274 68
3275 3273 93
3273 3272 51
3273 3271 87
3271 3270 87
3271 3269 22
3269 3268 51
3269 3267 47
3267 3266 93
3267 3265 4
3265 3264 78
3265 3263 59
3263 3262 4
3263 3261 59
3261 3260 20
3261 3259 56
3259 3258 28
3259 3257 20
3257 3256 63
3257 3255 3
3255 3254 24
3255 3253 81
3253 3252 7
3253 3251 3
3251 3250 57
3251 3249 55
3249 3248 72
3249 3247 92
3247 3246 23
3247 3245 98
3245 3244 73
3245 3243 25
3243 3242 68
3243 3241 76
3241 3240 3
3241 3239 78
3239 3238 8
3239 3237 87
3237 3236 2
3237 3235 71
3235 3234 51
3235 3233 38
3233 3232 55
3233 3231 75
3231 3230 76
3231 3229 78
3229 3228 93
3229 3227 48
3227 3226 70
3227 3225 7
3225 3224 40
3225 3223 55
3223 3222 38
3223 3221 64
3221 3220 4
3221 3219 98
3219 3218 28
3219 3217 99
3217 3216 16
3217 3215 21
3215 3214 86
3215 3213 51
3213 3212 24
3213 3211 72
3211 3210 89
3211 3209 51
3209 3208 59
3209 3207 18
3207 3206 7
3207 3205 26
3205 3204 96
3205 3203 49
3203 3202 25
3203 3201 95
3201 3200 64
3201 3199 50
3199 3198 23
3199 3197 20
3197 3196 46
3197 3195 25
3195 3194 86
3195 3193 91
3193 3192 45
3193 3191 12
3191 3190 56
3191 3189 33
3189 3188 79
3189 3187 80
3187 3186 60
3187 3185 89
3185 3184 88
3185 3183 3
3183 3182 15
3183 3181 15
3181 3180 26
3181 3179 30
3179 3178 25
3179 3177 47
3177 3176 82
3177 3175 6
3175 3174 55
3175 3173 82
3173 3172 19
3173 3171 54
3171 3170 5
3171 3169 98
3169 3168 92
3169 3167 96
3167 3166 96
3167 3165 90
3165 3164 54
3165 3163 62
3163 3162 91
3163 3161 34
3161 3160 93
3161 3159 75
3159 3158 6
3159 3157 14
3157 3156 23
3157 3155 7
3155 3154 44
3155 3153 12
3153 3152 49
3153 3151 17
3151 3150 27
3151 3149 22
3149 3148 80
3149 3147 70
3147 3146 84
3147 3145 53
3145 3144 52
3145 3143 97
3143 3142 92
3143 3141 79
3141 3140 83
3141 3139 97
3139 3138 18
3139 3137 5
3137 3136 5
3137 3135 71
3135 3134 26
3135 3133 5
3133 3132 100
3133 3131 79
3131 3130 13
3131 3129 87
3129 3128 50
3129 3127 62
3127 3126 81
3127 3125 51
3125 3124 66
3125 3123 10
3123 3122 39
3123 3121 71
3121 3120 72
3121 3119 46
3119 3118 90
3119 3117 33
3117 3116 99
3117 3115 54
3115 3114 9
3115 3113 57
3113 3112 62
3113 3111 69
3111 3110 100
3111 3109 86
3109 3108 90
3109 3107 58
3107 3106 67
3107 3105 84
3105 3104 32
3105 3103 6
3103 3102 36
3103 3101 74
3101 3100 67
3101 3099 46
3099 3098 25
3099 3097 21
3097 3096 4
3097 3095 72
3095 3094 65
3095 3093 55
3093 3092 37
3093 3091 95
3091 3090 12
3091 3089 1
3089 3088 16
3089 3087 16
3087 3086 70
3087 3085 59
3085 3084 6
3085 3083 74
3083 3082 34
3083 3081 50
3081 3080 49
3081 3079 17
3079 3078 99
3079 3077 68
3077 3076 40
3077 3075 59
3075 3074 40
3075 3073 65
3073 3072 34
3073 3071 41
3071 3070 18
3071 3069 98
3069 3068 31
3069 3067 54
3067 3066 72
3067 3065 4
3065 3064 49
3065 3063 36
3063 3062 93
3063 3061 1
3061 3060 38
3061 3059 39
3059 3058 9
3059 3057 5
3057 3056 7
3057 3055 88
3055 3054 39
3055 3053 78
3053 3052 90
3053 3051 77
3051 3050 55
3051 3049 90
3049 3048 19
3049 3047 25
3047 3046 67
3047 3045 55
3045 3044 7
3045 3043 12
3043 3042 31
3043 3041 40
3041 3040 87
3041 3039 70
3039 3038 57
3039 3037 94
3037 3036 66
3037 3035 71
3035 3034 51
3035 3033 74
3033 3032 45
3033 3031 81
3031 3030 92
3031 3029 23
3029 3028 43
3029 3027 52
3027 3026 78
3027 3025 86
3025 3024 24
3025 3023 15
3023 3022 12
3023 3021 1
3021 3020 56
3021 3019 98
3019 3018 86
3019 3017 10
3017 3016 14
3017 3015 68
3015 3014 51
3015 3013 74
3013 3012 51
3013 3011 15
3011 3010 47
3011 3009 44
3009 3008 46
3009 3007 93
3007 3006 14
3007 3005 54
3005 3004 20
3005 3003 82
3003 3002 87
3003 3001 55
3001 3000 26
3001 2999 6
2999 2998 33
2999 2997 41
2997 2996 9
2997 2995 89
2995 2994 82
2995 2993 84
2993 2992 78
2993 2991 86
2991 2990 8
2991 2989 16
2989 2988 32
2989 2987 83
2987 2986 11
2987 2985 83
2985 2984 36
2985 2983 73
2983 2982 39
2983 2981 76
2981 2980 35
2981 2979 64
2979 2978 43
2979 2977 71
2977 2976 94
2977 2975 95
2975 2974 15
2975 2973 1
2973 2972 42
2973 2971 92
2971 2970 5
2971 2969 48
2969 2968 77
2969 2967 71
2967 2966 50
2967 2965 65
2965 2964 42
2965 2963 36
2963 2962 20
2963 2961 32
2961 2960 41
2961 2959 26
2959 2958 21
2959 2957 17
2957 2956 37
2957 2955 25
2955 2954 36
2955 2953 13
2953 2952 45
2953 2951 90
2951 2950 78
2951 2949 69
2949 2948 1
2949 2947 22
2947 2946 47
2947 2945 88
2945 2944 94
2945 2943 94
2943 2942 39
2943 2941 63
2941 2940 17
2941 2939 24
2939 2938 14
2939 2937 30
2937 2936 78
2937 2935 25
2935 2934 32
2935 2933 15
2933 2932 17
2933 2931 42
2931 2930 99
2931 2929 19
2929 2928 44
2929 2927 43
2927 2926 55
2927 2925 68
2925 2924 90
2925 2923 13
2923 2922 61
2923 2921 87
2921 2920 61
2921 2919 67
2919 2918 97
2919 2917 86
2917 2916 16
2917 2915 27
2915 2914 22
2915 2913 99
2913 2912 44
2913 2911 62
2911 2910 62
2911 2909 69
2909 2908 59
2909 2907 87
2907 2906 44
2907 2905 24
2905 2904 3
2905 2903 41
2903 2902 97
2903 2901 58
2901 2900 84
2901 2899 1
2899 2898 90
2899 2897 62
2897 2896 32
2897 2895 68
2895 2894 53
2895 2893 31
2893 2892 61
2893 2891 22
2891 2890 16
2891 2889 95
2889 2888 23
2889 2887 22
2887 2886 46
2887 2885 16
2885 2884 52
2885 2883 94
2883 2882 37
2883 2881 91
2881 2880 85
2881 2879 8
2879 2878 53
2879 2877 27
2877 2876 7
2877 2875 66
2875 2874 22
2875 2873 95
2873 2872 89
2873 2871 13
2871 2870 87
2871 2869 77
2869 2868 88
2869 2867 12
2867 2866 79
2867 2865 54
2865 2864 99
2865 2863 24
2863 2862 53
2863 2861 78
2861 2860 34
2861 2859 49
2859 2858 93
2859 2857 82
2857 2856 27
2857 2855 99
2855 2854 37
2855 2853 85
2853 2852 47
2853 2851 27
2851 2850 37
2851 2849 86
2849 2848 66
2849 2847 7
2847 2846 77
2847 2845 20
2845 2844 69
2845 2843 43
2843 2842 27
2843 2841 56
2841 2840 20
2841 2839 4
2839 2838 51
2839 2837 14
2837 2836 75
2837 2835 9
2835 2834 22
2835 2833 76
2833 2832 25
2833 2831 6
2831 2830 39
2831 2829 63
2829 2828 16
2829 2827 83
2827 2826 47
2827 2825 61
2825 2824 51
2825 2823 49
2823 2822 60
2823 2821 20
2821 2820 41
2821 2819 32
2819 2818 68
2819 2817 4
2817 2816 36
2817 2815 69
2815 2814 80
2815 2813 90
2813 2812 15
2813 2811 85
2811 2810 38
2811 2809 26
2809 2808 14
2809 2807 53
2807 2806 67
2807 2805 29
2805 2804 27
2805 2803 93
2803 2802 46
2803 2801 29
2801 2800 67
2801 2799 60
2799 2798 94
2799 2797 1
2797 2796 97
2797 2795 40
2795 2794 24
2795 2793 56
2793 2792 65
2793 2791 46
2791 2790 7
2791 2789 89
2789 2788 96
2789 2787 73
2787 2786 22
2787 2785 15
2785 2784 40
2785 2783 81
2783 2782 1
2783 2781 74
2781 2780 84
2781 2779 23
2779 2778 38
2779 2777 14
2777 2776 39
2777 2775 95
2775 2774 41
2775 2773 85
2773 2772 45
2773 2771 58
2771 2770 26
2771 2769 51
2769 2768 99
2769 2767 27
2767 2766 28
2767 2765 28
2765 2764 30
2765 2763 11
2763 2762 88
2763 2761 94
2761 2760 90
2761 2759 14
2759 2758 95
2759 2757 25
2757 2756 28
2757 2755 64
2755 2754 9
2755 2753 55
2753 2752 94
2753 2751 22
2751 2750 56
2751 2749 62
2749 2748 3
2749 2747 29
2747 2746 90
2747 2745 65
2745 2744 50
2745 2743 97
2743 2742 69
2743 2741 8
2741 2740 31
2741 2739 34
2739 2738 68
2739 2737 37
2737 2736 33
2737 2735 4
2735 2734 89
2735 2733 91
2733 2732 56
2733 2731 26
2731 2730 73
2731 2729 78
2729 2728 76
2729 2727 64
2727 2726 71
2727 2725 5
2725 2724 75
2725 2723 61
2723 2722 36
2723 2721 51
2721 2720 49
2721 2719 80
2719 2718 94
2719 2717 57
2717 2716 48
2717 2715 33
2715 2714 21
2715 2713 85
2713 2712 53
2713 2711 79
2711 2710 35
2711 2709 26
2709 2708 48
2709 2707 10
2707 2706 69
2707 2705 10
2705 2704 83
2705 2703 19
2703 2702 96
2703 2701 59
2701 2700 99
2701 2699 45
2699 2698 99
2699 2697 74
2697 2696 90
2697 2695 26
2695 2694 89
2695 2693 23
2693 2692 13
2693 2691 71
2691 2690 46
2691 2689 97
2689 2688 63
2689 2687 93
2687 2686 80
2687 2685 9
2685 2684 97
2685 2683 62
2683 2682 6
2683 2681 18
2681 2680 24
2681 2679 94
2679 2678 92
2679 2677 70
2677 2676 98
2677 2675 92
2675 2674 54
2675 2673 17
2673 2672 52
2673 2671 35
2671 2670 8
2671 2669 70
2669 2668 37
2669 2667 95
2667 2666 16
2667 2665 35
2665 2664 16
2665 2663 47
2663 2662 52
2663 2661 86
2661 2660 37
2661 2659 32
2659 2658 11
2659 2657 65
2657 2656 93
2657 2655 61
2655 2654 92
2655 2653 23
2653 2652 13
2653 2651 80
2651 2650 84
2651 2649 30
2649 2648 89
2649 2647 27
2647 2646 32
2647 2645 10
2645 2644 54
2645 2643 15
2643 2642 51
2643 2641 49
2641 2640 64
2641 2639 47
2639 2638 63
2639 2637 28
2637 2636 51
2637 2635 87
2635 2634 56
2635 2633 14
2633 2632 31
2633 2631 4
2631 2630 32
2631 2629 38
2629 2628 84
2629 2627 87
2627 2626 49
2627 2625 5
2625 2624 41
2625 2623 34
2623 2622 97
2623 2621 100
2621 2620 43
2621 2619 76
2619 2618 31
2619 2617 24
2617 2616 96
2617 2615 96
2615 2614 38
2615 2613 14
2613 2612 22
2613 2611 9
2611 2610 99
2611 2609 1
2609 2608 5
2609 2607 54
2607 2606 9
2607 2605 38
2605 2604 58
2605 2603 31
2603 2602 65
2603 2601 19
2601 2600 24
2601 2599 10
2599 2598 43
2599 2597 96
2597 2596 16
2597 2595 48
2595 2594 63
2595 2593 28
2593 2592 81
2593 2591 95
2591 2590 94
2591 2589 33
2589 2588 70
2589 2587 51
2587 2586 36
2587 2585 3
2585 2584 72
2585 2583 40
2583 2582 45
2583 2581 25
2581 2580 25
2581 2579 47
2579 2578 44
2579 2577 36
2577 2576 94
2577 2575 27
2575 2574 32
2575 2573 35
2573 2572 81
2573 2571 88
2571 2570 20
2571 2569 72
2569 2568 40
2569 2567 41
2567 2566 57
2567 2565 93
2565 2564 6
2565 2563 81
2563 2562 1
2563 2561 15
2561 2560 57
2561 2559 72
2559 2558 19
2559 2557 83
2557 2556 78
2557 2555 76
2555 2554 80
2555 2553 19
2553 2552 43
2553 2551 66
2551 2550 24
2551 2549 85
2549 2548 1
2549 2547 79
2547 2546 63
2547 2545 57
2545 2544 67
2545 2543 28
2543 2542 96
2543 2541 69
2541 2540 93
2541 2539 3
2539 2538 29
2539 2537 30
2537 2536 52
2537 2535 43
2535 2534 52
2535 2533 67
2533 2532 69
2533 2531 54
2531 2530 17
2531 2529 79
2529 2528 8
2529 2527 95
2527 2526 86
2527 2525 7
2525 2524 81
2525 2523 68
2523 2522 96
2523 2521 18
2521 2520 25
2521 2519 53
2519 2518 90
2519 2517 95
2517 2516 99
2517 2515 48
2515 2514 97
2515 2513 47
2513 2512 26
2513 2511 90
2511 2510 76
2511 2509 59
2509 2508 75
2509 2507 71
2507 2506 21
2507 2505 6
2505 2504 22
2505 2503 24
2503 2502 75
2503 2501 97
2501 2500 93
2501 2499 69
2499 2498 94
2499 2497 67
2497 2496 37
2497 2495 64
2495 2494 25
2495 2493 98
2493 2492 55
2493 2491 52
2491 2490 69
2491 2489 8
2489 2488 61
2489 2487 5
2487 2486 54
2487 2485 91
2485 2484 85
2485 2483 80
2483 2482 46
2483 2481 50
2481 2480 43
2481 2479 90
2479 2478 83
2479 2477 89
2477 2476 71
2477 2475 1
2475 2474 7
2475 2473 29
2473 2472 37
2473 2471 22
2471 2470 58
2471 2469 70
2469 2468 52
2469 2467 6
2467 2466 52
2467 2465 43
2465 2464 3
2465 2463 57
2463 2462 5
2463 2461 28
2461 2460 13
2461 2459 46
2459 2458 56
2459 2457 31
2457 2456 65
2457 2455 63
2455 2454 71
2455 2453 83
2453 2452 89
2453 2451 96
2451 2450 45
2451 2449 39
2449 2448 80
2449 2447 52
2447 2446 51
2447 2445 85
2445 2444 100
2445 2443 50
2443 2442 89
2443 2441 16
2441 2440 28
2441 2439 13
2439 2438 24
2439 2437 6
2437 2436 46
2437 2435 100
2435 2434 5
2435 2433 78
2433 2432 17
2433 2431 25
2431 2430 65
2431 2429 32
2429 2428 12
2429 2427 9
2427 2426 82
2427 2425 98
2425 2424 85
2425 2423 20
2423 2422 16
2423 2421 52
2421 2420 84
2421 2419 94
2419 2418 69
2419 2417 91
2417 2416 44
2417 2415 63
2415 2414 60
2415 2413 7
2413 2412 41
2413 2411 2
2411 2410 19
2411 2409 42
2409 2408 70
2409 2407 96
2407 2406 14
2407 2405 75
2405 2404 77
2405 2403 97
2403 2402 24
2403 2401 2
2401 2400 38
2401 2399 20
2399 2398 50
2399 2397 65
2397 2396 82
2397 2395 68
2395 2394 45
2395 2393 64
2393 2392 67
2393 2391 61
2391 2390 19
2391 2389 50
2389 2388 56
2389 2387 25
2387 2386 76
2387 2385 15
2385 2384 59
2385 2383 74
2383 2382 65
2383 2381 13
2381 2380 36
2381 2379 72
2379 2378 52
2379 2377 84
2377 2376 31
2377 2375 86
2375 2374 46
2375 2373 59
2373 2372 93
2373 2371 8
2371 2370 76
2371 2369 14
2369 2368 56
2369 2367 32
2367 2366 37
2367 2365 58
2365 2364 58
2365 2363 31
2363 2362 16
2363 2361 37
2361 2360 39
2361 2359 27
2359 2358 5
2359 2357 16
2357 2356 52
2357 2355 43
2355 2354 23
2355 2353 32
2353 2352 7
2353 2351 68
2351 2350 100
2351 2349 67
2349 2348 73
2349 2347 90
2347 2346 58
2347 2345 36
2345 2344 64
2345 2343 97
2343 2342 44
2343 2341 8
2341 2340 25
2341 2339 29
2339 2338 97
2339 2337 47
2337 2336 96
2337 2335 20
2335 2334 4
2335 2333 54
2333 2332 36
2333 2331 92
2331 2330 58
2331 2329 59
2329 2328 84
2329 2327 88
2327 2326 20
2327 2325 68
2325 2324 30
2325 2323 97
2323 2322 71
2323 2321 55
2321 2320 83
2321 2319 24
2319 2318 57
2319 2317 15
2317 2316 15
2317 2315 28
2315 2314 64
2315 2313 92
2313 2312 26
2313 2311 80
2311 2310 86
2311 2309 46
2309 2308 10
2309 2307 78
2307 2306 29
2307 2305 10
2305 2304 79
2305 2303 56
2303 2302 13
2303 2301 56
2301 2300 42
2301 2299 70
2299 2298 10
2299 2297 97
2297 2296 5
2297 2295 35
2295 2294 26
2295 2293 66
2293 2292 55
2293 2291 73
2291 2290 40
2291 2289 45
2289 2288 19
2289 2287 80
2287 2286 39
2287 2285 44
2285 2284 49
2285 2283 97
2283 2282 30
2283 2281 28
2281 2280 15
2281 2279 95
2279 2278 48
2279 2277 17
2277 2276 46
2277 2275 3
2275 2274 96
2275 2273 26
2273 2272 37
2273 2271 34
2271 2270 22
2271 2269 55
2269 2268 7
2269 2267 97
2267 2266 31
2267 2265 3
2265 2264 11
2265 2263 63
2263 2262 67
2263 2261 25
2261 2260 73
2261 2259 62
2259 2258 1
2259 2257 56
2257 2256 9
2257 2255 81
2255 2254 4
2255 2253 70
2253 2252 13
2253 2251 72
2251 2250 39
2251 2249 79
2249 2248 66
2249 2247 5
2247 2246 31
2247 2245 89
2245 2244 98
2245 2243 50
2243 2242 40
2243 2241 19
2241 2240 17
2241 2239 41
2239 2238 39
2239 2237 42
2237 2236 46
2237 2235 7
2235 2234 44
2235 2233 38
2233 2232 56
2233 2231 12
2231 2230 19
2231 2229 31
2229 2228 54
2229 2227 42
2227 2226 88
2227 2225 11
2225 2224 73
2225 2223 36
2223 2222 12
2223 2221 32
2221 2220 3
2221 2219 8
2219 2218 73
2219 2217 31
2217 2216 66
2217 2215 45
2215 2214 10
2215 2213 92
2213 2212 33
2213 2211 51
2211 2210 28
2211 2209 91
2209 2208 46
2209 2207 21
2207 2206 97
2207 2205 91
2205 2204 59
2205 2203 63
2203 2202 80
2203 2201 8
2201 2200 5
2201 2199 23
2199 2198 31
2199 2197 92
2197 2196 23
2197 2195 10
2195 2194 9
2195 2193 45
2193 2192 97
2193 2191 37
2191 2190 10
2191 2189 47
2189 2188 10
2189 2187 67
2187 2186 80
2187 2185 65
2185 2184 42
2185 2183 61
2183 2182 95
2183 2181 57
2181 2180 75
2181 2179 25
2179 2178 71
2179 2177 86
2177 2176 11
2177 2175 45
2175 2174 85
2175 2173 55
2173 2172 24
2173 2171 12
2171 2170 46
2171 2169 97
2169 2168 26
2169 2167 49
2167 2166 95
2167 2165 91
2165 2164 2
2165 2163 8
2163 2162 72
2163 2161 89
2161 2160 4
2161 2159 87
2159 2158 60
2159 2157 53
2157 2156 12
2157 2155 41
2155 2154 55
2155 2153 74
2153 2152 17
2153 2151 53
2151 2150 89
2151 2149 7
2149 2148 22
2149 2147 73
2147 2146 25
2147 2145 87
2145 2144 14
2145 2143 78
2143 2142 48
2143 2141 87
2141 2140 88
2141 2139 69
2139 2138 93
2139 2137 90
2137 2136 86
2137 2135 71
2135 2134 59
2135 2133 70
2133 2132 94
2133 2131 19
2131 2130 42
2131 2129 70
2129 2128 54
2129 2127 53
2127 2126 94
2127 2125 70
2125 2124 10
2125 2123 28
2123 2122 15
2123 2121 18
2121 2120 18
2121 2119 63
2119 2118 64
2119 2117 5
2117 2116 98
2117 2115 37
2115 2114 56
2115 2113 28
2113 2112 16
2113 2111 1
2111 2110 28
2111 2109 8
2109 2108 34
2109 2107 94
2107 2106 41
2107 2105 65
2105 2104 87
2105 2103 90
2103 2102 84
2103 2101 93
2101 2100 97
2101 2099 77
2099 2098 67
2099 2097 87
2097 2096 9
2097 2095 42
2095 2094 31
2095 2093 39
2093 2092 21
2093 2091 65
2091 2090 10
2091 2089 96
2089 2088 21
2089 2087 75
2087 2086 78
2087 2085 59
2085 2084 85
2085 2083 34
2083 2082 7
2083 2081 85
2081 2080 98
2081 2079 57
2079 2078 77
2079 2077 91
2077 2076 74
2077 2075 89
2075 2074 79
2075 2073 58
2073 2072 52
2073 2071 24
2071 2070 98
2071 2069 63
2069 2068 52
2069 2067 71
2067 2066 29
2067 2065 99
2065 2064 5
2065 2063 1
2063 2062 10
2063 2061 59
2061 2060 24
2061 2059 53
2059 2058 65
2059 2057 51
2057 2056 60
2057 2055 28
2055 2054 79
2055 2053 82
2053 2052 27
2053 2051 15
2051 2050 58
2051 2049 76
2049 2048 77
2049 2047 59
2047 2046 20
2047 2045 57
2045 2044 41
2045 2043 41
2043 2042 76
2043 2041 87
2041 2040 2
2041 2039 60
2039 2038 56
2039 2037 58
2037 2036 77
2037 2035 95
2035 2034 5
2035 2033 65
2033 2032 67
2033 2031 69
2031 2030 77
2031 2029 52
2029 2028 60
2029 2027 80
2027 2026 48
2027 2025 54
2025 2024 93
2025 2023 28
2023 2022 9
2023 2021 11
2021 2020 67
2021 2019 100
2019 2018 7
2019 2017 1
2017 2016 38
2017 2015 69
2015 2014 78
2015 2013 35
2013 2012 92
2013 2011 74
2011 2010 77
2011 2009 63
2009 2008 78
2009 2007 94
2007 2006 49
2007 2005 74
2005 2004 42
2005 2003 56
2003 2002 92
2003 2001 36
2001 2000 5
2001 1999 56
1999 1998 100
1999 1997 37
1997 1996 6
1997 1995 49
1995 1994 65
1995 1993 43
1993 1992 1
1993 1991 71
1991 1990 83
1991 1989 80
1989 1988 22
1989 1987 15
1987 1986 37
1987 1985 71
1985 1984 57
1985 1983 51
1983 1982 45
1983 1981 21
1981 1980 2
1981 1979 49
1979 1978 27
1979 1977 5
1977 1976 67
1977 1975 19
1975 1974 68
1975 1973 38
1973 1972 92
1973 1971 52
1971 1970 54
1971 1969 56
1969 1968 59
1969 1967 30
1967 1966 69
1967 1965 34
1965 1964 86
1965 1963 6
1963 1962 48
1963 1961 10
1961 1960 54
1961 1959 44
1959 1958 45
1959 1957 9
1957 1956 58
1957 1955 44
1955 1954 64
1955 1953 24
1953 1952 65
1953 1951 54
1951 1950 64
1951 1949 23
1949 1948 24
1949 1947 79
1947 1946 55
1947 1945 1
1945 1944 13
1945 1943 39
1943 1942 35
1943 1941 29
1941 1940 1
1941 1939 92
1939 1938 10
1939 1937 18
1937 1936 42
1937 1935 43
1935 1934 45
1935 1933 93
1933 1932 19
1933 1931 47
1931 1930 7
1931 1929 90
1929 1928 32
1929 1927 13
1927 1926 6
1927 1925 27
1925 1924 60
1925 1923 30
1923 1922 62
1923 1921 31
1921 1920 29
1921 1919 100
1919 1918 18
1919 1917 86
1917 1916 79
1917 1915 90
1915 1914 94
1915 1913 73
1913 1912 87
1913 1911 6
1911 1910 3
1911 1909 21
1909 1908 32
1909 1907 38
1907 1906 87
1907 1905 95
1905 1904 69
1905 1903 32
1903 1902 73
1903 1901 70
1901 1900 20
1901 1899 43
1899 1898 34
1899 1897 6
1897 1896 32
1897 1895 45
1895 1894 43
1895 1893 99
1893 1892 59
1893 1891 38
1891 1890 46
1891 1889 68
1889 1888 95
1889 1887 17
1887 1886 10
1887 1885 70
1885 1884 13
1885 1883 30
1883 1882 42
1883 1881 16
1881 1880 92
1881 1879 26
1879 1878 6
1879 1877 70
1877 1876 3
1877 1875 37
1875 1874 27
1875 1873 16
1873 1872 65
1873 1871 21
1871 1870 92
1871 1869 7
1869 1868 91
1869 1867 49
1867 1866 83
1867 1865 13
1865 1864 46
1865 1863 89
1863 1862 6
1863 1861 95
1861 1860 39
1861 1859 82
1859 1858 96
1859 1857 86
1857 1856 72
1857 1855 51
1855 1854 12
1855 1853 86
1853 1852 82
1853 1851 81
1851 1850 18
1851 1849 6
1849 1848 70
1849 1847 69
1847 1846 95
1847 1845 54
1845 1844 35
1845 1843 39
1843 1842 38
1843 1841 30
1841 1840 19
1841 1839 96
1839 1838 35
1839 1837 56
1837 1836 72
1837 1835 52
1835 1834 38
1835 1833 21
1833 1832 42
1833 1831 78
1831 1830 99
1831 1829 86
1829 1828 94
1829 1827 23
1827 1826 86
1827 1825 91
1825 1824 69
1825 1823 5
1823 1822 46
1823 1821 25
1821 1820 47
1821 1819 30
1819 1818 45
1819 1817 21
1817 1816 9
1817 1815 96
1815 1814 4
1815 1813 30
1813 1812 22
1813 1811 65
1811 1810 96
1811 1809 70
1809 1808 94
1809 1807 14
1807 1806 35
1807 1805 43
1805 1804 86
1805 1803 30
1803 1802 70
1803 1801 3
1801 1800 25
1801 1799 79
1799 1798 8
1799 1797 95
1797 1796 88
1797 1795 36
1795 1794 63
1795 1793 79
1793 1792 78
1793 1791 15
1791 1790 83
1791 1789 90
1789 1788 81
1789 1787 28
1787 1786 26
1787 1785 60
1785 1784 99
1785 1783 69
1783 1782 22
1783 1781 39
1781 1780 43
1781 1779 5
1779 1778 82
1779 1777 49
1777 1776 88
1777 1775 65
1775 1774 91
1775 1773 27
1773 1772 48
1773 1771 35
1771 1770 29
1771 1769 48
1769 1768 88
1769 1767 1
1767 1766 57
1767 1765 93
1765 1764 51
1765 1763 45
1763 1762 22
1763 1761 92
1761 1760 95
1761 1759 19
1759 1758 82
1759 1757 75
1757 1756 62
1757 1755 54
1755 1754 76
1755 1753 63
1753 1752 24
1753 1751 44
1751 1750 70
1751 1749 76
1749 1748 96
1749 1747 34
1747 1746 71
1747 1745 77
1745 1744 28
1745 1743 3
1743 1742 52
1743 1741 44
1741 1740 16
1741 1739 26
1739 1738 47
1739 1737 40
1737 1736 41
1737 1735 37
1735 1734 47
1735 1733 28
1733 1732 59
1733 1731 52
1731 1730 11
1731 1729 34
1729 1728 21
1729 1727 93
1727 1726 78
1727 1725 13
1725 1724 57
1725 1723 24
1723 1722 82
1723 1721 92
1721 1720 14
1721 1719 74
1719 1718 44
1719 1717 2
1717 1716 38
1717 1715 14
1715 1714 8
1715 1713 61
1713 1712 17
1713 1711 49
1711 1710 75
1711 1709 17
1709 1708 30
1709 1707 97
1707 1706 86
1707 1705 65
1705 1704 43
1705 1703 90
1703 1702 1
1703 1701 38
1701 1700 75
1701 1699 29
1699 1698 92
1699 1697 96
1697 1696 63
1697 1695 47
1695 1694 75
1695 1693 94
1693 1692 74
1693 1691 96
1691 1690 99
1691 1689 2
1689 1688 50
1689 1687 3
1687 1686 16
1687 1685 90
1685 1684 75
1685 1683 14
1683 1682 6
1683 1681 64
1681 1680 67
1681 1679 88
1679 1678 76
1679 1677 11
1677 1676 69
1677 1675 96
1675 1674 42
1675 1673 60
1673 1672 65
1673 1671 84
1671 1670 1
1671 1669 90
1669 1668 48
1669 1667 55
1667 1666 17
1667 1665 68
1665 1664 86
1665 1663 28
1663 1662 75
1663 1661 16
1661 1660 79
1661 1659 29
1659 1658 30
1659 1657 57
1657 1656 89
1657 1655 99
1655 1654 95
1655 1653 91
1653 1652 37
1653 1651 28
1651 1650 89
1651 1649 69
1649 1648 1
1649 1647 36
1647 1646 45
1647 1645 4
1645 1644 35
1645 1643 18
1643 1642 45
1643 1641 82
1641 1640 31
1641 1639 90
1639 1638 66
1639 1637 71
1637 1636 80
1637 1635 91
1635 1634 51
1635 1633 54
1633 1632 16
1633 1631 20
1631 1630 72
1631 1629 24
1629 1628 59
1629 1627 31
1627 1626 62
1627 1625 50
1625 1624 78
1625 1623 92
1623 1622 77
1623 1621 2
1621 1620 65
1621 1619 23
1619 1618 12
1619 1617 59
1617 1616 45
1617 1615 36
1615 1614 2
1615 1613 68
1613 1612 25
1613 1611 10
1611 1610 67
1611 1609 39
1609 1608 26
1609 1607 62
1607 1606 88
1607 1605 60
1605 1604 40
1605 1603 39
1603 1602 87
1603 1601 16
1601 1600 47
1601 1599 49
1599 1598 20
1599 1597 99
1597 1596 1
1597 1595 95
1595 1594 63
1595 1593 75
1593 1592 41
1593 1591 9
1591 1590 97
1591 1589 52
1589 1588 57
1589 1587 25
1587 1586 10
1587 1585 45
1585 1584 50
1585 1583 43
1583 1582 22
1583 1581 84
1581 1580 8
1581 1579 42
1579 1578 90
1579 1577 26
1577 1576 54
1577 1575 93
1575 1574 37
1575 1573 13
1573 1572 99
1573 1571 52
1571 1570 100
1571 1569 17
1569 1568 24
1569 1567 34
1567 1566 11
1567 1565 98
1565 1564 21
1565 1563 2
1563 1562 46
1563 1561 100
1561 1560 21
1561 1559 73
1559 1558 74
1559 1557 73
1557 1556 4
1557 1555 99
1555 1554 54
1555 1553 10
1553 1552 67
1553 1551 71
1551 1550 84
1551 1549 51
1549 1548 88
1549 1547 87
1547 1546 67
1547 1545 58
1545 1544 67
1545 1543 47
1543 1542 49
1543 1541 64
1541 1540 49
1541 1539 97
1539 1538 7
1539 1537 50
1537 1536 76
1537 1535 27
1535 1534 93
1535 1533 78
1533 1532 44
1533 1531 87
1531 1530 72
1531 1529 94
1529 1528 64
1529 1527 71
1527 1526 27
1527 1525 15
1525 1524 32
1525 1523 7
1523 1522 2
1523 1521 77
1521 1520 60
1521 1519 1
1519 1518 46
1519 1517 11
1517 1516 31
1517 1515 18
1515 1514 58
1515 1513 34
1513 1512 27
1513 1511 9
1511 1510 2
1511 1509 100
1509 1508 12
1509 1507 6
1507 1506 49
1507 1505 20
1505 1504 75
1505 1503 2
1503 1502 86
1503 1501 52
1501 1500 83
1501 1499 19
1499 1498 30
1499 1497 83
1497 1496 82
1497 1495 66
1495 1494 27
1495 1493 90
1493 1492 98
1493 1491 48
1491 1490 55
1491 1489 89
1489 1488 11
1489 1487 30
1487 1486 12
1487 1485 23
1485 1484 61
1485 1483 54
1483 1482 16
1483 1481 60
1481 1480 37
1481 1479 10
1479 1478 95
1479 1477 16
1477 1476 96
1477 1475 33
1475 1474 21
1475 1473 86
1473 1472 32
1473 1471 26
1471 1470 24
1471 1469 97
1469 1468 17
1469 1467 71
1467 1466 81
1467 1465 74
1465 1464 26
1465 1463 37
1463 1462 81
1463 1461 33
1461 1460 24
1461 1459 36
1459 1458 74
1459 1457 98
1457 1456 100
1457 1455 7
1455 1454 36
1455 1453 39
1453 1452 21
1453 1451 36
1451 1450 80
1451 1449 12
1449 1448 40
1449 1447 65
1447 1446 52
1447 1445 55
1445 1444 15
1445 1443 98
1443 1442 28
1443 1441 40
1441 1440 66
1441 1439 19
1439 1438 18
1439 1437 61
1437 1436 23
1437 1435 65
1435 1434 95
1435 1433 59
1433 1432 38
1433 1431 28
1431 1430 72
1431 1429 79
1429 1428 64
1429 1427 72
1427 1426 11
1427 1425 93
1425 1424 85
1425 1423 97
1423 1422 87
1423 1421 25
1421 1420 94
1421 1419 85
1419 1418 40
1419 1417 77
1417 1416 95
1417 1415 60
1415 1414 88
1415 1413 68
1413 1412 85
1413 1411 44
1411 1410 19
1411 1409 41
1409 1408 40
1409 1407 36
1407 1406 27
1407 1405 31
1405 1404 30
1405 1403 28
1403 1402 22
1403 1401 52
1401 1400 46
1401 1399 12
1399 1398 19
1399 1397 10
1397 1396 59
1397 1395 10
1395 1394 72
1395 1393 3
1393 1392 33
1393 1391 52
1391 1390 13
1391 1389 25
1389 1388 55
1389 1387 97
1387 1386 16
1387 1385 98
1385 1384 37
1385 1383 87
1383 1382 84
1383 1381 99
1381 1380 53
1381 1379 44
1379 1378 44
1379 1377 67
1377 1376 69
1377 1375 58
1375 1374 3
1375 1373 82
1373 1372 56
1373 1371 27
1371 1370 87
1371 1369 37
1369 1368 4
1369 1367 70
1367 1366 56
1367 1365 18
1365 1364 63
1365 1363 17
1363 1362 46
1363 1361 1
1361 1360 44
1361 1359 83
1359 1358 32
1359 1357 61
1357 1356 46
1357 1355 23
1355 1354 23
1355 1353 46
1353 1352 94
1353 1351 28
1351 1350 38
1351 1349 18
1349 1348 52
1349 1347 84
1347 1346 11
1347 1345 26
1345 1344 51
1345 1343 18
1343 1342 91
1343 1341 81
1341 1340 89
1341 1339 34
1339 1338 60
1339 1337 39
1337 1336 92
1337 1335 52
1335 1334 52
1335 1333 85
1333 1332 27
1333 1331 87
1331 1330 62
1331 1329 72
1329 1328 32
1329 1327 25
1327 1326 97
1327 1325 61
1325 1324 15
1325 1323 21
1323 1322 55
1323 1321 19
1321 1320 31
1321 1319 67
1319 1318 6
1319 1317 60
1317 1316 56
1317 1315 69
1315 1314 18
1315 1313 60
1313 1312 39
1313 1311 31
1311 1310 52
1311 1309 71
1309 1308 86
1309 1307 47
1307 1306 52
1307 1305 27
1305 1304 13
1305 1303 81
1303 1302 73
1303 1301 39
1301 1300 9
1301 1299 21
1299 1298 60
1299 1297 41
1297 1296 24
1297 1295 80
1295 1294 24
1295 1293 35
1293 1292 1
1293 1291 55
1291 1290 35
1291 1289 49
1289 1288 37
1289 1287 15
1287 1286 90
1287 1285 100
1285 1284 86
1285 1283 62
1283 1282 44
1283 1281 89
1281 1280 86
1281 1279 90
1279 1278 48
1279 1277 47
1277 1276 8
1277 1275 85
1275 1274 86
1275 1273 11
1273 1272 93
1273 1271 52
1271 1270 77
1271 1269 27
1269 1268 94
1269 1267 81
1267 1266 71
1267 1265 37
1265 1264 20
1265 1263 73
1263 1262 52
1263 1261 98
1261 1260 71
1261 1259 56
1259 1258 7
1259 1257 19
1257 1256 14
1257 1255 82
1255 1254 86
1255 1253 34
1253 1252 53
1253 1251 71
1251 1250 41
1251 1249 95
1249 1248 88
1249 1247 73
1247 1246 22
1247 1245 96
1245 1244 89
1245 1243 24
1243 1242 9
1243 1241 75
1241 1240 24
1241 1239 44
1239 1238 49
1239 1237 44
1237 1236 40
1237 1235 6
1235 1234 26
1235 1233 50
1233 1232 14
1233 1231 73
1231 1230 48
1231 1229 2
1229 1228 35
1229 1227 79
1227 1226 2
1227 1225 48
1225 1224 96
1225 1223 96
1223 1222 63
1223 1221 39
1221 1220 97
1221 1219 14
1219 1218 70
1219 1217 54
1217 1216 24
1217 1215 12
1215 1214 26
1215 1213 89
1213 1212 64
1213 1211 13
1211 1210 72
1211 1209 9
1209 1208 37
1209 1207 64
1207 1206 10
1207 1205 4
1205 1204 86
1205 1203 42
1203 1202 96
1203 1201 23
1201 1200 6
1201 1199 5
1199 1198 2
1199 1197 50
1197 1196 85
1197 1195 18
1195 1194 18
1195 1193 91
1193 1192 16
1193 1191 59
1191 1190 56
1191 1189 8
1189 1188 100
1189 1187 83
1187 1186 88
1187 1185 8
1185 1184 33
1185 1183 100
1183 1182 17
1183 1181 20
1181 1180 25
1181 1179 89
1179 1178 38
1179 1177 72
1177 1176 86
1177 1175 32
1175 1174 28
1175 1173 15
1173 1172 10
1173 1171 82
1171 1170 67
1171 1169 31
1169 1168 26
1169 1167 30
1167 1166 37
1167 1165 91
1165 1164 40
1165 1163 38
1163 1162 55
1163 1161 31
1161 1160 13
1161 1159 100
1159 1158 39
1159 1157 99
1157 1156 74
1157 1155 96
1155 1154 98
1155 1153 89
1153 1152 2
1153 1151 67
1151 1150 100
1151 1149 86
1149 1148 66
1149 1147 3
1147 1146 6
1147 1145 36
1145 1144 19
1145 1143 5
1143 1142 34
1143 1141 80
1141 1140 37
1141 1139 44
1139 1138 51
1139 1137 61
1137 1136 41
1137 1135 92
1135 1134 10
1135 1133 91
1133 1132 98
1133 1131 76
1131 1130 72
1131 1129 54
1129 1128 32
1129 1127 15
1127 1126 11
1127 1125 11
1125 1124 13
1125 1123 33
1123 1122 26
1123 1121 92
1121 1120 69
1121 1119 45
1119 1118 53
1119 1117 56
1117 1116 74
1117 1115 52
1115 1114 24
1115 1113 63
1113 1112 98
1113 1111 56
1111 1110 64
1111 1109 14
1109 1108 93
1109 1107 59
1107 1106 47
1107 1105 36
1105 1104 75
1105 1103 70
1103 1102 14
1103 1101 70
1101 1100 92
1101 1099 27
1099 1098 54
1099 1097 4
1097 1096 65
1097 1095 26
1095 1094 4
1095 1093 88
1093 1092 37
1093 1091 17
1091 1090 95
1091 1089 47
1089 1088 79
1089 1087 84
1087 1086 27
1087 1085 75
1085 1084 4
1085 1083 29
1083 1082 17
1083 1081 32
1081 1080 44
1081 1079 91
1079 1078 19
1079 1077 43
1077 1076 40
1077 1075 41
1075 1074 6
1075 1073 23
1073 1072 74
1073 1071 19
1071 1070 61
1071 1069 89
1069 1068 95
1069 1067 72
1067 1066 71
1067 1065 100
1065 1064 92
1065 1063 58
1063 1062 16
1063 1061 31
1061 1060 84
1061 1059 10
1059 1058 56
1059 1057 66
1057 1056 93
1057 1055 43
1055 1054 41
1055 1053 64
1053 1052 8
1053 1051 56
1051 1050 49
1051 1049 6
1049 1048 21
1049 1047 9
1047 1046 95
1047 1045 2
1045 1044 99
1045 1043 91
1043 1042 91
1043 1041 17
1041 1040 61
1041 1039 94
1039 1038 57
1039 1037 95
1037 1036 35
1037 1035 76
1035 1034 4
1035 1033 65
1033 1032 7
1033 1031 82
1031 1030 39
1031 1029 49
1029 1028 18
1029 1027 39
1027 1026 81
1027 1025 59
1025 1024 56
1025 1023 66
1023 1022 55
1023 1021 24
1021 1020 43
1021 1019 56
1019 1018 76
1019 1017 77
1017 1016 59
1017 1015 17
1015 1014 27
1015 1013 88
1013 1012 44
1013 1011 99
1011 1010 16
1011 1009 9
1009 1008 20
1009 1007 33
1007 1006 19
1007 1005 86
1005 1004 38
1005 1003 95
1003 1002 57
1003 1001 37
1001 1000 44
1001 999 75
999 998 3
999 997 28
997 996 90
997 995 40
995 994 48
995 993 58
993 992 49
993 991 75
991 990 14
991 989 32
989 988 79
989 987 48
987 986 11
987 985 95
985 984 75
985 983 98
983 982 46
983 981 46
981 980 10
981 979 100
979 978 93
979 977 58
977 976 86
977 975 85
975 974 7
975 973 57
973 972 56
973 971 12
971 970 40
971 969 93
969 968 84
969 967 90
967 966 7
967 965 19
965 964 2
965 963 67
963 962 20
963 961 62
961 960 100
961 959 14
959 958 91
959 957 100
957 956 20
957 955 64
955 954 27
955 953 84
953 952 4
953 951 55
951 950 27
951 949 4
949 948 71
949 947 8
947 946 54
947 945 80
945 944 92
945 943 23
943 942 83
943 941 84
941 940 45
941 939 81
939 938 93
939 937 50
937 936 85
937 935 62
935 934 27
935 933 97
933 932 45
933 931 48
931 930 41
931 929 77
929 928 64
929 927 37
927 926 88
927 925 4
925 924 46
925 923 18
923 922 66
923 921 41
921 920 94
921 919 52
919 918 52
919 917 72
917 916 36
917 915 32
915 914 43
915 913 96
913 912 47
913 911 55
911 910 12
911 909 49
909 908 17
909 907 78
907 906 98
907 905 44
905 904 14
905 903 19
903 902 98
903 901 22
901 900 87
901 899 9
899 898 40
899 897 42
897 896 95
897 895 35
895 894 92
895 893 21
893 892 37
893 891 73
891 890 54
891 889 51
889 888 36
889 887 7
887 886 6
887 885 66
885 884 55
885 883 30
883 882 74
883 881 83
881 880 49
881 879 72
879 878 30
879 877 72
877 876 30
877 875 14
875 874 43
875 873 54
873 872 15
873 871 84
871 870 18
871 869 27
869 868 94
869 867 94
867 866 7
867 865 65
865 864 18
865 863 32
863 862 71
863 861 75
861 860 83
861 859 5
859 858 16
859 857 49
857 856 69
857 855 22
855 854 55
855 853 37
853 852 22
853 851 76
851 850 25
851 849 46
849 848 58
849 847 21
847 846 64
847 845 47
845 844 5
845 843 44
843 842 26
843 841 6
841 840 45
841 839 79
839 838 6
839 837 73
837 836 54
837 835 14
835 834 82
835 833 41
833 832 35
833 831 70
831 830 47
831 829 93
829 828 24
829 827 91
827 826 78
827 825 32
825 824 27
825 823 66
823 822 82
823 821 100
821 820 38
821 819 3
819 818 86
819 817 10
817 816 20
817 815 37
815 814 80
815 813 78
813 812 34
813 811 58
811 810 87
811 809 57
809 808 17
809 807 64
807 806 30
807 805 66
805 804 85
805 803 99
803 802 86
803 801 20
801 800 96
801 799 88
799 798 94
799 797 54
797 796 41
797 795 60
795 794 19
795 793 65
793 792 45
793 791 9
791 790 77
791 789 25
789 788 97
789 787 93
787 786 61
787 785 68
785 784 35
785 783 51
783 782 14
783 781 91
781 780 96
781 779 89
779 778 69
779 777 44
777 776 32
777 775 18
775 774 32
775 773 30
773 772 7
773 771 36
771 770 37
771 769 86
769 768 69
769 767 46
767 766 1
767 765 93
765 764 31
765 763 87
763 762 30
763 761 99
761 760 28
761 759 46
759 758 9
759 757 36
757 756 30
757 755 57
755 754 5
755 753 73
753 752 89
753 751 85
751 750 69
751 749 13
749 748 26
749 747 86
747 746 98
747 745 47
745 744 15
745 743 71
743 742 95
743 741 34
741 740 2
741 739 69
739 738 39
739 737 81
737 736 29
737 735 38
735 734 38
735 733 32
733 732 28
733 731 89
731 730 22
731 729 63
729 728 69
729 727 80
727 726 23
727 725 12
725 724 95
725 723 21
723 722 9
723 721 71
721 720 21
721 719 84
719 718 79
719 717 96
717 716 78
717 715 48
715 714 22
715 713 21
713 712 36
713 711 23
711 710 71
711 709 87
709 708 34
709 707 92
707 706 90
707 705 89
705 704 47
705 703 87
703 702 57
703 701 28
701 700 7
701 699 67
699 698 10
699 697 10
697 696 63
697 695 63
695 694 99
695 693 35
693 692 49
693 691 18
691 690 7
691 689 45
689 688 34
689 687 69
687 686 52
687 685 19
685 684 84
685 683 100
683 682 11
683 681 5
681 680 38
681 679 17
679 678 31
679 677 34
677 676 22
677 675 45
675 674 69
675 673 29
673 672 58
673 671 29
671 670 55
671 669 71
669 668 72
669 667 47
667 666 49
667 665 7
665 664 11
665 663 72
663 662 5
663 661 29
661 660 2
661 659 70
659 658 4
659 657 14
657 656 88
657 655 16
655 654 95
655 653 63
653 652 71
653 651 87
651 650 93
651 649 69
649 648 52
649 647 55
647 646 97
647 645 24
645 644 19
645 643 78
643 642 51
643 641 7
641 640 65
641 639 75
639 638 25
639 637 43
637 636 93
637 635 16
635 634 30
635 633 55
633 632 89
633 631 16
631 630 78
631 629 21
629 628 65
629 627 88
627 626 77
627 625 73
625 624 82
625 623 8
623 622 79
623 621 18
621 620 57
621 619 41
619 618 86
619 617 46
617 616 17
617 615 25
615 614 80
615 613 16
613 612 15
613 611 83
611 610 64
611 609 79
609 608 51
609 607 98
607 606 13
607 605 85
605 604 5
605 603 5
603 602 97
603 601 47
601 600 15
601 599 20
599 598 86
599 597 17
597 596 52
597 595 94
595 594 74
595 593 57
593 592 1
593 591 76
591 590 94
591 589 52
589 588 43
589 587 61
587 586 70
587 585 9
585 584 41
585 583 53
583 582 4
583 581 71
581 580 31
581 579 71
579 578 78
579 577 35
577 576 26
577 575 43
575 574 6
575 573 3
573 572 99
573 571 66
571 570 31
571 569 25
569 568 26
569 567 5
567 566 92
567 565 17
565 564 56
565 563 41
563 562 90
563 561 5
561 560 14
561 559 59
559 558 88
559 557 94
557 556 2
557 555 89
555 554 76
555 553 66
553 552 61
553 551 43
551 550 23
551 549 85
549 548 94
549 547 88
547 546 56
547 545 51
545 544 83
545 543 81
543 542 35
543 541 71
541 540 91
541 539 89
539 538 28
539 537 1
537 536 74
537 535 29
535 534 7
535 533 88
533 532 47
533 531 71
531 530 31
531 529 100
529 528 64
529 527 88
527 526 71
527 525 83
525 524 2
525 523 29
523 522 90
523 521 88
521 520 54
521 519 94
519 518 49
519 517 90
517 516 76
517 515 9
515 514 2
515 513 53
513 512 71
513 511 33
511 510 4
511 509 77
509 508 19
509 507 17
507 506 88
507 505 68
505 504 65
505 503 31
503 502 78
503 501 37
501 500 39
501 499 23
499 498 2
499 497 97
497 496 41
497 495 37
495 494 3
495 493 69
493 492 1
493 491 48
491 490 43
491 489 77
489 488 34
489 487 24
487 486 80
487 485 20
485 484 99
485 483 78
483 482 54
483 481 9
481 480 74
481 479 73
479 478 79
479 477 9
477 476 2
477 475 14
475 474 24
475 473 3
473 472 7
473 471 22
471 470 40
471 469 78
469 468 1
469 467 95
467 466 24
467 465 7
465 464 64
465 463 3
463 462 47
463 461 75
461 460 8
461 459 5
459 458 71
459 457 57
457 456 20
457 455 17
455 454 87
455 453 82
453 452 19
453 451 9
451 450 27
451 449 53
449 448 91
449 447 89
447 446 46
447 445 4
445 444 99
445 443 38
443 442 85
443 441 81
441 440 95
441 439 70
439 438 24
439 437 51
437 436 71
437 435 52
435 434 77
435 433 18
433 432 29
433 431 79
431 430 54
431 429 49
429 428 52
429 427 83
427 426 9
427 425 72
425 424 71
425 423 11
423 422 6
423 421 36
421 420 18
421 419 62
419 418 81
419 417 69
417 416 29
417 415 38
415 414 99
415 413 10
413 412 13
413 411 8
411 410 61
411 409 8
409 408 95
409 407 36
407 406 5
407 405 66
405 404 28
405 403 12
403 402 8
403 401 3
401 400 90
401 399 5
399 398 66
399 397 73
397 396 76
397 395 36
395 394 43
395 393 35
393 392 98
393 391 99
391 390 16
391 389 95
389 388 56
389 387 91
387 386 6
387 385 76
385 384 35
385 383 42
383 382 18
383 381 34
381 380 20
381 379 63
379 378 98
379 377 15
377 376 55
377 375 45
375 374 22
375 373 47
373 372 86
373 371 62
371 370 4
371 369 99
369 368 30
369 367 73
367 366 43
367 365 91
365 364 45
365 363 88
363 362 25
363 361 30
361 360 12
361 359 41
359 358 99
359 357 84
357 356 8
357 355 52
355 354 1
355 353 20
353 352 59
353 351 9
351 350 43
351 349 51
349 348 86
349 347 90
347 346 53
347 345 41
345 344 33
345 343 87
343 342 73
343 341 29
341 340 22
341 339 64
339 338 47
339 337 71
337 336 37
337 335 32
335 334 16
335 333 13
333 332 96
333 331 41
331 330 94
331 329 35
329 328 64
329 327 95
327 326 10
327 325 57
325 324 23
325 323 52
323 322 70
323 321 77
321 320 90
321 319 69
319 318 46
319 317 84
317 316 23
317 315 25
315 314 16
315 313 90
313 312 97
313 311 80
311 310 91
311 309 87
309 308 98
309 307 27
307 306 62
307 305 32
305 304 1
305 303 45
303 302 43
303 301 11
301 300 17
301 299 100
299 298 80
299 297 79
297 296 2
297 295 42
295 294 49
295 293 85
293 292 43
293 291 16
291 290 42
291 289 21
289 288 81
289 287 45
287 286 57
287 285 48
285 284 64
285 283 6
283 282 54
283 281 76
281 280 74
281 279 73
279 278 38
279 277 55
277 276 24
277 275 81
275 274 18
275 273 31
273 272 45
273 271 69
271 270 64
271 269 27
269 268 31
269 267 82
267 266 10
267 265 91
265 264 16
265 263 93
263 262 66
263 261 43
261 260 9
261 259 54
259 258 43
259 257 44
257 256 9
257 255 9
255 254 79
255 253 54
253 252 78
253 251 92
251 250 90
251 249 66
249 248 90
249 247 80
247 246 80
247 245 13
245 244 17
245 243 49
243 242 27
243 241 89
241 240 89
241 239 90
239 238 94
239 237 80
237 236 65
237 235 3
235 234 36
235 233 75
233 232 24
233 231 61
231 230 44
231 229 22
229 228 72
229 227 35
227 226 17
227 225 64
225 224 55
225 223 19
223 222 39
223 221 9
221 220 11
221 219 99
219 218 15
219 217 44
217 216 25
217 215 29
215 214 70
215 213 88
213 212 43
213 211 33
211 210 92
211 209 48
209 208 83
209 207 82
207 206 55
207 205 78
205 204 5
205 203 62
203 202 89
203 201 10
201 200 35
201 199 19
199 198 39
199 197 62
197 196 28
197 195 98
195 194 61
195 193 65
193 192 59
193 191 11
191 190 28
191 189 40
189 188 90
189 187 76
187 186 24
187 185 52
185 184 70
185 183 5
183 182 37
183 181 66
181 180 73
181 179 90
179 178 83
179 177 31
177 176 59
177 175 9
175 174 67
175 173 60
173 172 23
173 171 69
171 170 99
171 169 79
169 168 91
169 167 78
167 166 18
167 165 65
165 164 99
165 163 55
163 162 25
163 161 57
161 160 60
161 159 75
159 158 70
159 157 33
157 156 67
157 155 24
155 154 80
155 153 17
153 152 71
153 151 80
151 150 85
151 149 59
149 148 85
149 147 30
147 146 29
147 145 81
145 144 95
145 143 43
143 142 61
143 141 39
141 140 10
141 139 41
139 138 86
139 137 92
137 136 3
137 135 94
135 134 31
135 133 14
133 132 73
133 131 24
131 130 68
131 129 17
129 128 69
129 127 58
127 126 78
127 125 97
125 124 20
125 123 93
123 122 30
123 121 54
121 120 92
121 119 22
119 118 58
119 117 86
117 116 68
117 115 76
115 114 55
115 113 49
113 112 14
113 111 29
111 110 43
111 109 21
109 108 28
109 107 90
107 106 77
107 105 37
105 104 67
105 103 50
103 102 53
103 101 80
101 100 16
101 99 13
99 98 58
99 97 25
97 96 92
97 95 56
95 94 57
95 93 46
93 92 44
93 91 51
91 90 34
91 89 87
89 88 31
89 87 21
87 86 97
87 85 77
85 84 20
85 83 78
83 82 9
83 81 74
81 80 96
81 79 95
79 78 54
79 77 14
77 76 86
77 75 18
75 74 98
75 73 14
73 72 52
73 71 80
71 70 84
71 69 42
69 68 72
69 67 85
67 66 33
67 65 26
65 64 34
65 63 95
63 62 13
63 61 74
61 60 78
61 59 12
59 58 85
59 57 2
57 56 76
57 55 48
55 54 66
55 53 76
53 52 32
53 51 21
51 50 54
51 49 59
49 48 43
49 47 24
47 46 98
47 45 55
45 44 1
45 43 59
43 42 40
43 41 80
41 40 11
41 39 100
39 38 38
39 37 88
37 36 16
37 35 45
35 34 57
35 33 75
33 32 68
33 31 6
31 30 78
31 29 65
29 28 86
29 27 63
27 26 87
27 25 63
25 24 70
25 23 45
23 22 36
23 21 54
21 20 46
21 19 87
19 18 100
19 17 7
17 16 10
17 15 98
15 14 41
15 13 75
13 12 93
13 11 71
11 10 15
11 9 50
9 8 65
9 7 5
7 6 19
7 5 23
5 4 17
5 3 3
3 2 23
